;word;df_week_1;pecent_rdf_week_1;df_week_2;pecent_rdf_week_2;df_week_3;pecent_rdf_week_3;df_week_4;pecent_rdf_week_4;df_week_5;pecent_rdf_week_5;df_week_6;pecent_rdf_week_6;df_week_7;pecent_rdf_week_7;df_week_8;pecent_rdf_week_8;df_week_9;pecent_rdf_week_9;df_week_10;pecent_rdf_week_10;df_week_11;pecent_rdf_week_11;df_week_12;pecent_rdf_week_12;df_week_13;pecent_rdf_week_13;df_week_14;pecent_rdf_week_14;df_week_15;pecent_rdf_week_15;df_week_16;pecent_rdf_week_16;df_week_17;pecent_rdf_week_17;df_week_18;pecent_rdf_week_18;df_week_19;pecent_rdf_week_19;df_week_20;pecent_rdf_week_20;df_week_21;pecent_rdf_week_21;df_week_22;pecent_rdf_week_22;df_week_23;pecent_rdf_week_23;df_week_24;pecent_rdf_week_24;df_week_25;pecent_rdf_week_25;df_week_26;pecent_rdf_week_26
0;worker;60;0,07366572947488612;60;0,07366572947488612;62;0,07612125379071566;46;0,056477059264079366;50;0,06138810789573844;67;0,0822600645802895;94;0,11540964284398826;78;0,09576544831735195;62;0,07612125379071566;105;0,12891502658105072;97;0,11909292931773256;122;0,1497869832656018;67;0,0822600645802895;86;0,10558754558067011;176;0,2160861397929993;358;0,4395388525334872;339;0,4162113715331066;344;0,42235018232268046;202;0,2480079558987833;153;0,18784761016095963;171;0,20994732900342544;396;0,4861938145342484;145;0,17802551289764149;156;0,1915308966347039;120;0,14733145894977223;109;0,1338260752127098
1;work;114;0,13996488600228366;116;0,14242041031811317;110;0,13505383737062457;76;0,09330992400152242;65;0,07980454026445996;96;0,1178651671598178;123;0,15101474542351656;133;0,16329236700266422;92;0,11295411852815873;166;0,20380851821385162;120;0,14733145894977223;130;0,15960908052891992;144;0,1767977507397267;234;0,2872963449520559;228;0,2799297720045673;225;0,276246485530823;220;0,27010767474124914;161;0,19766970742427775;171;0,20994732900342544;150;0,18416432368721533;132;0,1620646048447495;181;0,22222495058257316;130;0,15960908052891992;105;0,12891502658105072;87;0,10681530773858489;150;0,18416432368721533
2;work_class;28;0,03437734042161352;27;0,033149578263698756;28;0,03437734042161352;9;0,011049859421232919;47;0,05770482142199413;44;0,05402153494824982;46;0,056477059264079366;41;0,05033824847450552;37;0,04542719984284644;99;0,1215484536335621;59;0,07243796731697136;72;0,08839887536986335;80;0,0982209726331815;86;0,10558754558067011;81;0,09944873479109627;75;0,09208216184360767;61;0,0748934916328009;43;0,05279377279033506;58;0,07121020515905659;43;0,05279377279033506;47;0,05770482142199413;80;0,0982209726331815;23;0,028238529632039683;57;0,06998244300114183;24;0,02946629178995445;44;0,05402153494824982
3;housing;35;0,04297167552701691;41;0,05033824847450552;28;0,03437734042161352;19;0,023327481000380606;23;0,028238529632039683;40;0,04911048631659075;70;0,08594335105403382;38;0,04665496200076121;39;0,04788272415867598;32;0,0392883890532726;32;0,0392883890532726;45;0,055249297106164594;28;0,03437734042161352;37;0,04542719984284644;77;0,0945376861594372;101;0,12400397794939165;38;0,04665496200076121;29;0,03560510257952829;34;0,04174391336910214;27;0,033149578263698756;42;0,051566010632420285;49;0,06016034573782367;25;0,03069405394786922;21;0,025783005316210143;32;0,0392883890532726;31;0,03806062689535783
4;labor;37;0,04542719984284644;28;0,03437734042161352;38;0,04665496200076121;16;0,0196441945266363;19;0,023327481000380606;22;0,02701076747412491;26;0,03192181610578399;34;0,04174391336910214;27;0,033149578263698756;34;0,04174391336910214;33;0,04051615121118737;48;0,0589325835799089;23;0,028238529632039683;25;0,03069405394786922;35;0,04297167552701691;63;0,07734901594863043;46;0,056477059264079366;48;0,0589325835799089;39;0,04788272415867598;34;0,04174391336910214;39;0,04788272415867598;66;0,08103230242237475;34;0,04174391336910214;44;0,05402153494824982;28;0,03437734042161352;40;0,04911048631659075
5;class;14;0,01718867021080676;20;0,024555243158295374;27;0,033149578263698756;9;0,011049859421232919;134;0,164520129160579;45;0,055249297106164594;32;0,0392883890532726;24;0,02946629178995445;12;0,014733145894977226;30;0,03683286473744306;23;0,028238529632039683;44;0,05402153494824982;43;0,05279377279033506;55;0,06752691868531228;58;0,07121020515905659;27;0,033149578263698756;26;0,03192181610578399;29;0,03560510257952829;24;0,02946629178995445;9;0,011049859421232919;12;0,014733145894977226;30;0,03683286473744306;17;0,02087195668455107;17;0,02087195668455107;19;0,023327481000380606;19;0,023327481000380606
6;tenant;20;0,024555243158295374;36;0,044199437684931675;16;0,0196441945266363;15;0,01841643236872153;13;0,015960908052891996;25;0,03069405394786922;16;0,0196441945266363;17;0,02087195668455107;22;0,02701076747412491;18;0,022099718842465838;12;0,014733145894977226;21;0,025783005316210143;18;0,022099718842465838;10;0,012277621579147687;15;0,01841643236872153;35;0,04297167552701691;57;0,06998244300114183;50;0,06138810789573844;36;0,044199437684931675;35;0,04297167552701691;35;0,04297167552701691;74;0,09085439968569288;30;0,03683286473744306;32;0,0392883890532726;36;0,044199437684931675;36;0,044199437684931675
7;socialism;30;0,03683286473744306;33;0,04051615121118737;16;0,0196441945266363;12;0,014733145894977226;22;0,02701076747412491;30;0,03683286473744306;37;0,04542719984284644;27;0,033149578263698756;32;0,0392883890532726;56;0,06875468084322704;23;0,028238529632039683;43;0,05279377279033506;57;0,06998244300114183;40;0,04911048631659075;43;0,05279377279033506;16;0,0196441945266363;29;0,03560510257952829;11;0,013505383737062455;31;0,03806062689535783;26;0,03192181610578399;22;0,02701076747412491;13;0,015960908052891996;16;0,0196441945266363;23;0,028238529632039683;20;0,024555243158295374;23;0,028238529632039683
8;rent;7;0,00859433510540338;16;0,0196441945266363;4;0,004911048631659075;0;0,0;1;0,0012277621579147688;5;0,0061388107895738436;9;0,011049859421232919;6;0,007366572947488613;14;0,01718867021080676;11;0,013505383737062455;9;0,011049859421232919;7;0,00859433510540338;11;0,013505383737062455;8;0,00982209726331815;30;0,03683286473744306;55;0,06752691868531228;91;0,11172635637024396;95;0,11663740500190303;44;0,05402153494824982;46;0,056477059264079366;44;0,05402153494824982;108;0,13259831305479503;18;0,022099718842465838;11;0,013505383737062455;26;0,03192181610578399;21;0,025783005316210143
9;job;18;0,022099718842465838;21;0,025783005316210143;13;0,015960908052891996;9;0,011049859421232919;14;0,01718867021080676;10;0,012277621579147687;29;0,03560510257952829;18;0,022099718842465838;20;0,024555243158295374;31;0,03806062689535783;21;0,025783005316210143;21;0,025783005316210143;26;0,03192181610578399;19;0,023327481000380606;28;0,03437734042161352;48;0,0589325835799089;48;0,0589325835799089;37;0,04542719984284644;28;0,03437734042161352;20;0,024555243158295374;40;0,04911048631659075;46;0,056477059264079366;35;0,04297167552701691;15;0,01841643236872153;13;0,015960908052891996;28;0,03437734042161352
10;social;18;0,022099718842465838;24;0,02946629178995445;19;0,023327481000380606;12;0,014733145894977226;14;0,01718867021080676;37;0,04542719984284644;23;0,028238529632039683;22;0,02701076747412491;14;0,01718867021080676;10;0,012277621579147687;25;0,03069405394786922;29;0,03560510257952829;23;0,028238529632039683;35;0,04297167552701691;29;0,03560510257952829;53;0,06507139436948274;29;0,03560510257952829;16;0,0196441945266363;33;0,04051615121118737;23;0,028238529632039683;12;0,014733145894977226;25;0,03069405394786922;16;0,0196441945266363;15;0,01841643236872153;16;0,0196441945266363;18;0,022099718842465838
11;medicareforall;17;0,02087195668455107;35;0,04297167552701691;24;0,02946629178995445;4;0,004911048631659075;9;0,011049859421232919;20;0,024555243158295374;35;0,04297167552701691;57;0,06998244300114183;31;0,03806062689535783;19;0,023327481000380606;30;0,03683286473744306;38;0,04665496200076121;37;0,04542719984284644;32;0,0392883890532726;46;0,056477059264079366;22;0,02701076747412491;20;0,024555243158295374;15;0,01841643236872153;13;0,015960908052891996;6;0,007366572947488613;10;0,012277621579147687;12;0,014733145894977226;22;0,02701076747412491;14;0,01718867021080676;9;0,011049859421232919;10;0,012277621579147687
12;landlord;4;0,004911048631659075;23;0,028238529632039683;9;0,011049859421232919;5;0,0061388107895738436;12;0,014733145894977226;15;0,01841643236872153;19;0,023327481000380606;6;0,007366572947488613;9;0,011049859421232919;11;0,013505383737062455;9;0,011049859421232919;23;0,028238529632039683;11;0,013505383737062455;6;0,007366572947488613;11;0,013505383737062455;41;0,05033824847450552;81;0,09944873479109627;53;0,06507139436948274;41;0,05033824847450552;19;0,023327481000380606;18;0,022099718842465838;40;0,04911048631659075;18;0,022099718842465838;27;0,033149578263698756;20;0,024555243158295374;28;0,03437734042161352
13;cancelrent;0;0,0;0;0,0;0;0,0;0;0,0;0;0,0;0;0,0;0;0,0;0;0,0;0;0,0;0;0,0;0;0,0;0;0,0;0;0,0;0;0,0;0;0,0;0;0,0;45;0,055249297106164594;59;0,07243796731697136;41;0,05033824847450552;49;0,06016034573782367;30;0,03683286473744306;200;0,24555243158295376;33;0,04051615121118737;25;0,03069405394786922;43;0,05279377279033506;24;0,02946629178995445
14;eviction;9;0,011049859421232919;20;0,024555243158295374;20;0,024555243158295374;9;0,011049859421232919;10;0,012277621579147687;14;0,01718867021080676;18;0,022099718842465838;9;0,011049859421232919;13;0,015960908052891996;4;0,004911048631659075;5;0,0061388107895738436;8;0,00982209726331815;2;0,0024555243158295376;3;0,0036832864737443064;80;0,0982209726331815;69;0,08471558889611903;36;0,044199437684931675;16;0,0196441945266363;23;0,028238529632039683;14;0,01718867021080676;8;0,00982209726331815;36;0,044199437684931675;16;0,0196441945266363;5;0,0061388107895738436;23;0,028238529632039683;28;0,03437734042161352
15;economic;7;0,00859433510540338;4;0,004911048631659075;8;0,00982209726331815;1;0,0012277621579147688;7;0,00859433510540338;17;0,02087195668455107;17;0,02087195668455107;30;0,03683286473744306;13;0,015960908052891996;13;0,015960908052891996;6;0,007366572947488613;14;0,01718867021080676;15;0,01841643236872153;20;0,024555243158295374;24;0,02946629178995445;61;0,0748934916328009;38;0,04665496200076121;24;0,02946629178995445;22;0,02701076747412491;16;0,0196441945266363;22;0,02701076747412491;11;0,013505383737062455;10;0,012277621579147687;14;0,01718867021080676;15;0,01841643236872153;12;0,014733145894977226
16;economy;6;0,007366572947488613;10;0,012277621579147687;4;0,004911048631659075;5;0,0061388107895738436;4;0,004911048631659075;7;0,00859433510540338;14;0,01718867021080676;8;0,00982209726331815;2;0,0024555243158295376;7;0,00859433510540338;6;0,007366572947488613;19;0,023327481000380606;11;0,013505383737062455;24;0,02946629178995445;27;0,033149578263698756;29;0,03560510257952829;67;0,0822600645802895;24;0,02946629178995445;7;0,00859433510540338;22;0,02701076747412491;27;0,033149578263698756;19;0,023327481000380606;8;0,00982209726331815;12;0,014733145894977226;14;0,01718867021080676;6;0,007366572947488613
17;homeless;14;0,01718867021080676;5;0,0061388107895738436;8;0,00982209726331815;6;0,007366572947488613;4;0,004911048631659075;13;0,015960908052891996;15;0,01841643236872153;12;0,014733145894977226;17;0,02087195668455107;11;0,013505383737062455;7;0,00859433510540338;7;0,00859433510540338;2;0,0024555243158295376;1;0,0012277621579147688;23;0,028238529632039683;29;0,03560510257952829;16;0,0196441945266363;22;0,02701076747412491;24;0,02946629178995445;16;0,0196441945266363;9;0,011049859421232919;8;0,00982209726331815;19;0,023327481000380606;14;0,01718867021080676;6;0,007366572947488613;11;0,013505383737062455
18;wage;15;0,01841643236872153;13;0,015960908052891996;6;0,007366572947488613;8;0,00982209726331815;9;0,011049859421232919;4;0,004911048631659075;8;0,00982209726331815;16;0,0196441945266363;4;0,004911048631659075;10;0,012277621579147687;15;0,01841643236872153;9;0,011049859421232919;13;0,015960908052891996;12;0,014733145894977226;6;0,007366572947488613;16;0,0196441945266363;18;0,022099718842465838;15;0,01841643236872153;4;0,004911048631659075;8;0,00982209726331815;5;0,0061388107895738436;12;0,014733145894977226;10;0,012277621579147687;6;0,007366572947488613;4;0,004911048631659075;5;0,0061388107895738436
19;basic;5;0,0061388107895738436;7;0,00859433510540338;2;0,0024555243158295376;2;0,0024555243158295376;1;0,0012277621579147688;2;0,0024555243158295376;2;0,0024555243158295376;7;0,00859433510540338;5;0,0061388107895738436;5;0,0061388107895738436;7;0,00859433510540338;8;0,00982209726331815;3;0,0036832864737443064;5;0,0061388107895738436;15;0,01841643236872153;28;0,03437734042161352;16;0,0196441945266363;16;0,0196441945266363;12;0,014733145894977226;5;0,0061388107895738436;11;0,013505383737062455;9;0,011049859421232919;7;0,00859433510540338;12;0,014733145894977226;10;0,012277621579147687;7;0,00859433510540338
20;supply;2;0,0024555243158295376;0;0,0;2;0,0024555243158295376;0;0,0;3;0,0036832864737443064;1;0,0012277621579147688;3;0,0036832864737443064;6;0,007366572947488613;1;0,0012277621579147688;3;0,0036832864737443064;6;0,007366572947488613;2;0,0024555243158295376;2;0,0024555243158295376;2;0,0024555243158295376;11;0,013505383737062455;41;0,05033824847450552;20;0,024555243158295374;10;0,012277621579147687;17;0,02087195668455107;10;0,012277621579147687;5;0,0061388107895738436;9;0,011049859421232919;8;0,00982209726331815;10;0,012277621579147687;6;0,007366572947488613;24;0,02946629178995445
21;unemployment;1;0,0012277621579147688;0;0,0;0;0,0;0;0,0;0;0,0;1;0,0012277621579147688;0;0,0;2;0,0024555243158295376;0;0,0;0;0,0;0;0,0;0;0,0;2;0,0024555243158295376;0;0,0;13;0,015960908052891996;21;0,025783005316210143;29;0,03560510257952829;25;0,03069405394786922;12;0,014733145894977226;11;0,013505383737062455;20;0,024555243158295374;21;0,025783005316210143;23;0,028238529632039683;10;0,012277621579147687;9;0,011049859421232919;12;0,014733145894977226
22;shelter;0;0,0;9;0,011049859421232919;8;0,00982209726331815;5;0,0061388107895738436;1;0,0012277621579147688;15;0,01841643236872153;10;0,012277621579147687;2;0,0024555243158295376;4;0,004911048631659075;13;0,015960908052891996;4;0,004911048631659075;2;0,0024555243158295376;2;0,0024555243158295376;4;0,004911048631659075;15;0,01841643236872153;20;0,024555243158295374;14;0,01718867021080676;14;0,01718867021080676;10;0,012277621579147687;10;0,012277621579147687;14;0,01718867021080676;3;0,0036832864737443064;4;0,004911048631659075;2;0,0024555243158295376;2;0,0024555243158295376;7;0,00859433510540338
23;pay_rent;1;0,0012277621579147688;3;0,0036832864737443064;0;0,0;0;0,0;0;0,0;4;0,004911048631659075;0;0,0;2;0,0024555243158295376;1;0,0012277621579147688;1;0,0012277621579147688;1;0,0012277621579147688;2;0,0024555243158295376;1;0,0012277621579147688;0;0,0;3;0,0036832864737443064;11;0,013505383737062455;34;0,04174391336910214;26;0,03192181610578399;10;0,012277621579147687;14;0,01718867021080676;11;0,013505383737062455;50;0,06138810789573844;4;0,004911048631659075;5;0,0061388107895738436;0;0,0;6;0,007366572947488613
24;workers;3;0,0036832864737443064;4;0,004911048631659075;4;0,004911048631659075;3;0,0036832864737443064;2;0,0024555243158295376;2;0,0024555243158295376;4;0,004911048631659075;1;0,0012277621579147688;12;0,014733145894977226;7;0,00859433510540338;2;0,0024555243158295376;5;0,0061388107895738436;4;0,004911048631659075;6;0,007366572947488613;5;0,0061388107895738436;12;0,014733145894977226;4;0,004911048631659075;12;0,014733145894977226;9;0,011049859421232919;3;0,0036832864737443064;13;0,015960908052891996;28;0,03437734042161352;16;0,0196441945266363;19;0,023327481000380606;2;0,0024555243158295376;1;0,0012277621579147688
25;cancel_rent;0;0,0;0;0,0;0;0,0;0;0,0;0;0,0;0;0,0;0;0,0;0;0,0;0;0,0;0;0,0;0;0,0;0;0,0;0;0,0;0;0,0;0;0,0;3;0,0036832864737443064;8;0,00982209726331815;10;0,012277621579147687;19;0,023327481000380606;13;0,015960908052891996;9;0,011049859421232919;68;0,08348782673820428;27;0,033149578263698756;10;0,012277621579147687;7;0,00859433510540338;16;0,0196441945266363
26;bailout;1;0,0012277621579147688;0;0,0;0;0,0;0;0,0;0;0,0;0;0,0;2;0,0024555243158295376;6;0,007366572947488613;0;0,0;0;0,0;2;0,0024555243158295376;1;0,0012277621579147688;0;0,0;1;0,0012277621579147688;12;0,014733145894977226;31;0,03806062689535783;42;0,051566010632420285;12;0,014733145894977226;4;0,004911048631659075;9;0,011049859421232919;12;0,014733145894977226;13;0,015960908052891996;5;0,0061388107895738436;6;0,007366572947488613;4;0,004911048631659075;7;0,00859433510540338
27;poverty;14;0,01718867021080676;3;0,0036832864737443064;5;0,0061388107895738436;6;0,007366572947488613;5;0,0061388107895738436;8;0,00982209726331815;11;0,013505383737062455;10;0,012277621579147687;3;0,0036832864737443064;8;0,00982209726331815;6;0,007366572947488613;1;0,0012277621579147688;20;0,024555243158295374;4;0,004911048631659075;5;0,0061388107895738436;6;0,007366572947488613;5;0,0061388107895738436;6;0,007366572947488613;3;0,0036832864737443064;3;0,0036832864737443064;5;0,0061388107895738436;3;0,0036832864737443064;2;0,0024555243158295376;1;0,0012277621579147688;5;0,0061388107895738436;10;0,012277621579147687
28;employer;3;0,0036832864737443064;5;0,0061388107895738436;9;0,011049859421232919;4;0,004911048631659075;1;0,0012277621579147688;1;0,0012277621579147688;5;0,0061388107895738436;1;0,0012277621579147688;4;0,004911048631659075;0;0,0;6;0,007366572947488613;6;0,007366572947488613;0;0,0;5;0,0061388107895738436;9;0,011049859421232919;21;0,025783005316210143;17;0,02087195668455107;13;0,015960908052891996;6;0,007366572947488613;10;0,012277621579147687;6;0,007366572947488613;16;0,0196441945266363;3;0,0036832864737443064;5;0,0061388107895738436;3;0,0036832864737443064;9;0,011049859421232919
29;rent_control;8;0,00982209726331815;12;0,014733145894977226;8;0,00982209726331815;2;0,0024555243158295376;2;0,0024555243158295376;11;0,013505383737062455;7;0,00859433510540338;7;0,00859433510540338;6;0,007366572947488613;11;0,013505383737062455;3;0,0036832864737443064;7;0,00859433510540338;4;0,004911048631659075;15;0,01841643236872153;2;0,0024555243158295376;2;0,0024555243158295376;3;0,0036832864737443064;14;0,01718867021080676;2;0,0024555243158295376;7;0,00859433510540338;8;0,00982209726331815;15;0,01841643236872153;3;0,0036832864737443064;3;0,0036832864737443064;5;0,0061388107895738436;0;0,0
30;unhoused;4;0,004911048631659075;4;0,004911048631659075;2;0,0024555243158295376;3;0,0036832864737443064;3;0,0036832864737443064;7;0,00859433510540338;8;0,00982209726331815;2;0,0024555243158295376;3;0,0036832864737443064;3;0,0036832864737443064;4;0,004911048631659075;2;0,0024555243158295376;2;0,0024555243158295376;2;0,0024555243158295376;24;0,02946629178995445;17;0,02087195668455107;25;0,03069405394786922;7;0,00859433510540338;9;0,011049859421232919;13;0,015960908052891996;4;0,004911048631659075;14;0,01718867021080676;3;0,0036832864737443064;2;0,0024555243158295376;0;0,0;2;0,0024555243158295376
31;rent_strike;6;0,007366572947488613;0;0,0;3;0,0036832864737443064;0;0,0;0;0,0;1;0,0012277621579147688;1;0,0012277621579147688;0;0,0;0;0,0;0;0,0;0;0,0;0;0,0;0;0,0;1;0,0012277621579147688;7;0,00859433510540338;21;0,025783005316210143;19;0,023327481000380606;13;0,015960908052891996;10;0,012277621579147687;7;0,00859433510540338;14;0,01718867021080676;32;0,0392883890532726;8;0,00982209726331815;4;0,004911048631659075;1;0,0012277621579147688;6;0,007366572947488613
32;evict;2;0,0024555243158295376;5;0,0061388107895738436;4;0,004911048631659075;3;0,0036832864737443064;1;0,0012277621579147688;4;0,004911048631659075;32;0,0392883890532726;6;0,007366572947488613;1;0,0012277621579147688;4;0,004911048631659075;2;0,0024555243158295376;5;0,0061388107895738436;7;0,00859433510540338;2;0,0024555243158295376;9;0,011049859421232919;20;0,024555243158295374;16;0,0196441945266363;5;0,0061388107895738436;2;0,0024555243158295376;7;0,00859433510540338;1;0,0012277621579147688;7;0,00859433510540338;4;0,004911048631659075;5;0,0061388107895738436;2;0,0024555243158295376;5;0,0061388107895738436
33;homelessness;5;0,0061388107895738436;8;0,00982209726331815;10;0,012277621579147687;8;0,00982209726331815;4;0,004911048631659075;10;0,012277621579147687;14;0,01718867021080676;1;0,0012277621579147688;5;0,0061388107895738436;3;0,0036832864737443064;10;0,012277621579147687;13;0,015960908052891996;9;0,011049859421232919;4;0,004911048631659075;10;0,012277621579147687;10;0,012277621579147687;5;0,0061388107895738436;5;0,0061388107895738436;2;0,0024555243158295376;4;0,004911048631659075;1;0,0012277621579147688;4;0,004911048631659075;4;0,004911048631659075;0;0,0;1;0,0012277621579147688;10;0,012277621579147687
34;freeze;1;0,0012277621579147688;2;0,0024555243158295376;0;0,0;2;0,0024555243158295376;1;0,0012277621579147688;5;0,0061388107895738436;3;0,0036832864737443064;0;0,0;1;0,0012277621579147688;1;0,0012277621579147688;1;0,0012277621579147688;3;0,0036832864737443064;2;0,0024555243158295376;0;0,0;18;0,022099718842465838;29;0,03560510257952829;20;0,024555243158295374;15;0,01841643236872153;5;0,0061388107895738436;1;0,0012277621579147688;5;0,0061388107895738436;6;0,007366572947488613;5;0,0061388107895738436;2;0,0024555243158295376;2;0,0024555243158295376;1;0,0012277621579147688
35;hazard_pay;0;0,0;0;0,0;0;0,0;0;0,0;0;0,0;0;0,0;0;0,0;0;0,0;0;0,0;0;0,0;0;0,0;0;0,0;0;0,0;0;0,0;1;0,0012277621579147688;11;0,013505383737062455;27;0,033149578263698756;29;0,03560510257952829;9;0,011049859421232919;10;0,012277621579147687;5;0,0061388107895738436;14;0,01718867021080676;3;0,0036832864737443064;5;0,0061388107895738436;12;0,014733145894977226;4;0,004911048631659075
36;lose_job;0;0,0;1;0,0012277621579147688;0;0,0;0;0,0;2;0,0024555243158295376;0;0,0;7;0,00859433510540338;2;0,0024555243158295376;0;0,0;4;0,004911048631659075;2;0,0024555243158295376;4;0,004911048631659075;2;0,0024555243158295376;0;0,0;4;0,004911048631659075;25;0,03069405394786922;16;0,0196441945266363;14;0,01718867021080676;4;0,004911048631659075;6;0,007366572947488613;6;0,007366572947488613;9;0,011049859421232919;7;0,00859433510540338;11;0,013505383737062455;7;0,00859433510540338;0;0,0
37;stimulus;0;0,0;0;0,0;0;0,0;0;0,0;0;0,0;0;0,0;0;0,0;0;0,0;0;0,0;1;0,0012277621579147688;0;0,0;0;0,0;0;0,0;0;0,0;7;0,00859433510540338;6;0,007366572947488613;22;0,02701076747412491;9;0,011049859421232919;5;0,0061388107895738436;15;0,01841643236872153;12;0,014733145894977226;14;0,01718867021080676;5;0,0061388107895738436;6;0,007366572947488613;3;0,0036832864737443064;2;0,0024555243158295376
38;rent_mortgage;0;0,0;0;0,0;0;0,0;0;0,0;0;0,0;0;0,0;0;0,0;0;0,0;0;0,0;0;0,0;0;0,0;0;0,0;0;0,0;0;0,0;2;0,0024555243158295376;16;0,0196441945266363;11;0,013505383737062455;11;0,013505383737062455;4;0,004911048631659075;6;0,007366572947488613;6;0,007366572947488613;27;0,033149578263698756;6;0,007366572947488613;4;0,004911048631659075;14;0,01718867021080676;2;0,0024555243158295376
39;childcare;2;0,0024555243158295376;4;0,004911048631659075;1;0,0012277621579147688;0;0,0;1;0,0012277621579147688;4;0,004911048631659075;6;0,007366572947488613;1;0,0012277621579147688;4;0,004911048631659075;8;0,00982209726331815;6;0,007366572947488613;10;0,012277621579147687;23;0,028238529632039683;4;0,004911048631659075;6;0,007366572947488613;8;0,00982209726331815;4;0,004911048631659075;0;0,0;1;0,0012277621579147688;2;0,0024555243158295376;0;0,0;1;0,0012277621579147688;1;0,0012277621579147688;1;0,0012277621579147688;3;0,0036832864737443064;2;0,0024555243158295376
40;social_security;0;0,0;0;0,0;2;0,0024555243158295376;0;0,0;1;0,0012277621579147688;1;0,0012277621579147688;4;0,004911048631659075;5;0,0061388107895738436;4;0,004911048631659075;5;0,0061388107895738436;4;0,004911048631659075;9;0,011049859421232919;1;0,0012277621579147688;17;0,02087195668455107;8;0,00982209726331815;34;0,04174391336910214;2;0,0024555243158295376;0;0,0;0;0,0;2;0,0024555243158295376;0;0,0;1;0,0012277621579147688;1;0,0012277621579147688;1;0,0012277621579147688;0;0,0;0;0,0
41;affordable_housing;4;0,004911048631659075;9;0,011049859421232919;13;0,015960908052891996;5;0,0061388107895738436;1;0,0012277621579147688;4;0,004911048631659075;4;0,004911048631659075;0;0,0;2;0,0024555243158295376;5;0,0061388107895738436;4;0,004911048631659075;9;0,011049859421232919;7;0,00859433510540338;4;0,004911048631659075;1;0,0012277621579147688;2;0,0024555243158295376;1;0,0012277621579147688;1;0,0012277621579147688;2;0,0024555243158295376;0;0,0;7;0,00859433510540338;2;0,0024555243158295376;6;0,007366572947488613;0;0,0;4;0,004911048631659075;3;0,0036832864737443064
42;student_debt;1;0,0012277621579147688;6;0,007366572947488613;4;0,004911048631659075;1;0,0012277621579147688;2;0,0024555243158295376;9;0,011049859421232919;4;0,004911048631659075;3;0,0036832864737443064;1;0,0012277621579147688;3;0,0036832864737443064;2;0,0024555243158295376;4;0,004911048631659075;2;0,0024555243158295376;11;0,013505383737062455;11;0,013505383737062455;22;0,02701076747412491;4;0,004911048631659075;1;0,0012277621579147688;3;0,0036832864737443064;4;0,004911048631659075;0;0,0;0;0,0;0;0,0;0;0,0;1;0,0012277621579147688;0;0,0
43;minimum_wage;0;0,0;2;0,0024555243158295376;0;0,0;1;0,0012277621579147688;6;0,007366572947488613;8;0,00982209726331815;13;0,015960908052891996;3;0,0036832864737443064;8;0,00982209726331815;4;0,004911048631659075;3;0,0036832864737443064;5;0,0061388107895738436;5;0,0061388107895738436;4;0,004911048631659075;1;0,0012277621579147688;4;0,004911048631659075;2;0,0024555243158295376;3;0,0036832864737443064;4;0,004911048631659075;1;0,0012277621579147688;3;0,0036832864737443064;1;0,0012277621579147688;6;0,007366572947488613;0;0,0;6;0,007366572947488613;3;0,0036832864737443064
44;eviction_moratorium;0;0,0;0;0,0;1;0,0012277621579147688;0;0,0;0;0,0;0;0,0;0;0,0;0;0,0;0;0,0;0;0,0;0;0,0;0;0,0;0;0,0;0;0,0;14;0,01718867021080676;16;0,0196441945266363;15;0,01841643236872153;5;0,0061388107895738436;5;0,0061388107895738436;1;0,0012277621579147688;5;0,0061388107895738436;3;0,0036832864737443064;2;0,0024555243158295376;5;0,0061388107895738436;7;0,00859433510540338;8;0,00982209726331815
45;moratorium_eviction;0;0,0;0;0,0;0;0,0;0;0,0;0;0,0;0;0,0;0;0,0;0;0,0;2;0,0024555243158295376;0;0,0;0;0,0;0;0,0;0;0,0;0;0,0;55;0,06752691868531228;15;0,01841643236872153;8;0,00982209726331815;3;0,0036832864737443064;2;0,0024555243158295376;1;0,0012277621579147688;2;0,0024555243158295376;3;0,0036832864737443064;1;0,0012277621579147688;0;0,0;3;0,0036832864737443064;0;0,0
46;working_condition;1;0,0012277621579147688;0;0,0;3;0,0036832864737443064;3;0,0036832864737443064;1;0,0012277621579147688;1;0,0012277621579147688;0;0,0;6;0,007366572947488613;2;0,0024555243158295376;3;0,0036832864737443064;1;0,0012277621579147688;1;0,0012277621579147688;1;0,0012277621579147688;1;0,0012277621579147688;1;0,0012277621579147688;8;0,00982209726331815;4;0,004911048631659075;8;0,00982209726331815;4;0,004911048631659075;7;0,00859433510540338;4;0,004911048631659075;17;0,02087195668455107;4;0,004911048631659075;5;0,0061388107895738436;6;0,007366572947488613;2;0,0024555243158295376
47;housing_human;5;0,0061388107895738436;1;0,0012277621579147688;4;0,004911048631659075;4;0,004911048631659075;0;0,0;2;0,0024555243158295376;12;0,014733145894977226;4;0,004911048631659075;1;0,0012277621579147688;4;0,004911048631659075;3;0,0036832864737443064;1;0,0012277621579147688;4;0,004911048631659075;2;0,0024555243158295376;13;0,015960908052891996;2;0,0024555243158295376;2;0,0024555243158295376;1;0,0012277621579147688;8;0,00982209726331815;1;0,0012277621579147688;6;0,007366572947488613;4;0,004911048631659075;2;0,0024555243158295376;3;0,0036832864737443064;2;0,0024555243158295376;2;0,0024555243158295376
48;paycheck;0;0,0;2;0,0024555243158295376;1;0,0012277621579147688;0;0,0;0;0,0;0;0,0;4;0,004911048631659075;0;0,0;1;0,0012277621579147688;4;0,004911048631659075;0;0,0;1;0,0012277621579147688;1;0,0012277621579147688;0;0,0;6;0,007366572947488613;9;0,011049859421232919;19;0,023327481000380606;3;0,0036832864737443064;5;0,0061388107895738436;4;0,004911048631659075;2;0,0024555243158295376;2;0,0024555243158295376;1;0,0012277621579147688;3;0,0036832864737443064;0;0,0;0;0,0
49;rent_freeze;0;0,0;0;0,0;0;0,0;0;0,0;0;0,0;0;0,0;0;0,0;0;0,0;0;0,0;0;0,0;0;0,0;0;0,0;0;0,0;0;0,0;2;0,0024555243158295376;14;0,01718867021080676;13;0,015960908052891996;21;0,025783005316210143;2;0,0024555243158295376;3;0,0036832864737443064;1;0,0012277621579147688;1;0,0012277621579147688;1;0,0012277621579147688;0;0,0;0;0,0;0;0,0
50;rentstrike;3;0,0036832864737443064;0;0,0;0;0,0;0;0,0;0;0,0;0;0,0;0;0,0;1;0,0012277621579147688;0;0,0;0;0,0;0;0,0;0;0,0;0;0,0;0;0,0;1;0,0012277621579147688;14;0,01718867021080676;12;0,014733145894977226;15;0,01841643236872153;3;0,0036832864737443064;9;0,011049859421232919;3;0,0036832864737443064;20;0,024555243158295374;2;0,0024555243158295376;0;0,0;1;0,0012277621579147688;0;0,0
51;inequality;3;0,0036832864737443064;4;0,004911048631659075;4;0,004911048631659075;2;0,0024555243158295376;1;0,0012277621579147688;1;0,0012277621579147688;3;0,0036832864737443064;2;0,0024555243158295376;0;0,0;3;0,0036832864737443064;1;0,0012277621579147688;5;0,0061388107895738436;3;0,0036832864737443064;5;0,0061388107895738436;2;0,0024555243158295376;3;0,0036832864737443064;12;0,014733145894977226;3;0,0036832864737443064;3;0,0036832864737443064;3;0,0036832864737443064;2;0,0024555243158295376;3;0,0036832864737443064;2;0,0024555243158295376;4;0,004911048631659075;3;0,0036832864737443064;5;0,0061388107895738436
52;low_income;1;0,0012277621579147688;4;0,004911048631659075;8;0,00982209726331815;1;0,0012277621579147688;2;0,0024555243158295376;2;0,0024555243158295376;4;0,004911048631659075;7;0,00859433510540338;3;0,0036832864737443064;2;0,0024555243158295376;1;0,0012277621579147688;0;0,0;3;0,0036832864737443064;2;0,0024555243158295376;10;0,012277621579147687;9;0,011049859421232919;7;0,00859433510540338;3;0,0036832864737443064;0;0,0;1;0,0012277621579147688;2;0,0024555243158295376;3;0,0036832864737443064;2;0,0024555243158295376;1;0,0012277621579147688;0;0,0;2;0,0024555243158295376
53;live_wage;1;0,0012277621579147688;4;0,004911048631659075;4;0,004911048631659075;1;0,0012277621579147688;6;0,007366572947488613;0;0,0;1;0,0012277621579147688;3;0,0036832864737443064;3;0,0036832864737443064;2;0,0024555243158295376;2;0,0024555243158295376;7;0,00859433510540338;8;0,00982209726331815;6;0,007366572947488613;2;0,0024555243158295376;8;0,00982209726331815;2;0,0024555243158295376;1;0,0012277621579147688;4;0,004911048631659075;2;0,0024555243158295376;4;0,004911048631659075;0;0,0;2;0,0024555243158295376;1;0,0012277621579147688;2;0,0024555243158295376;2;0,0024555243158295376
54;working_class;1;0,0012277621579147688;4;0,004911048631659075;3;0,0036832864737443064;2;0,0024555243158295376;5;0,0061388107895738436;1;0,0012277621579147688;1;0,0012277621579147688;5;0,0061388107895738436;1;0,0012277621579147688;12;0,014733145894977226;4;0,004911048631659075;1;0,0012277621579147688;5;0,0061388107895738436;2;0,0024555243158295376;6;0,007366572947488613;1;0,0012277621579147688;2;0,0024555243158295376;1;0,0012277621579147688;7;0,00859433510540338;1;0,0012277621579147688;2;0,0024555243158295376;0;0,0;4;0,004911048631659075;1;0,0012277621579147688;2;0,0024555243158295376;4;0,004911048631659075
55;peopleoverprofit;6;0,007366572947488613;0;0,0;0;0,0;0;0,0;0;0,0;0;0,0;5;0,0061388107895738436;0;0,0;0;0,0;0;0,0;1;0,0012277621579147688;0;0,0;0;0,0;0;0,0;0;0,0;32;0,0392883890532726;1;0,0012277621579147688;1;0,0012277621579147688;2;0,0024555243158295376;4;0,004911048631659075;1;0,0012277621579147688;8;0,00982209726331815;8;0,00982209726331815;2;0,0024555243158295376;2;0,0024555243158295376;0;0,0
56;unemployed;1;0,0012277621579147688;0;0,0;0;0,0;0;0,0;1;0,0012277621579147688;0;0,0;0;0,0;0;0,0;1;0,0012277621579147688;0;0,0;0;0,0;1;0,0012277621579147688;0;0,0;1;0,0012277621579147688;0;0,0;3;0,0036832864737443064;7;0,00859433510540338;14;0,01718867021080676;9;0,011049859421232919;5;0,0061388107895738436;5;0,0061388107895738436;5;0,0061388107895738436;2;0,0024555243158295376;5;0,0061388107895738436;5;0,0061388107895738436;5;0,0061388107895738436
57;economic_crisis;0;0,0;0;0,0;0;0,0;0;0,0;0;0,0;2;0,0024555243158295376;0;0,0;0;0,0;0;0,0;3;0,0036832864737443064;0;0,0;0;0,0;0;0,0;2;0,0024555243158295376;25;0,03069405394786922;9;0,011049859421232919;8;0,00982209726331815;3;0,0036832864737443064;2;0,0024555243158295376;1;0,0012277621579147688;2;0,0024555243158295376;0;0,0;2;0,0024555243158295376;0;0,0;5;0,0061388107895738436;1;0,0012277621579147688
58;suspend_rent;0;0,0;0;0,0;0;0,0;0;0,0;0;0,0;0;0,0;0;0,0;0;0,0;0;0,0;0;0,0;0;0,0;0;0,0;0;0,0;0;0,0;1;0,0012277621579147688;17;0,02087195668455107;13;0,015960908052891996;12;0,014733145894977226;9;0,011049859421232919;1;0,0012277621579147688;2;0,0024555243158295376;7;0,00859433510540338;0;0,0;0;0,0;0;0,0;1;0,0012277621579147688
59;student_loan;2;0,0024555243158295376;0;0,0;1;0,0012277621579147688;1;0,0012277621579147688;1;0,0012277621579147688;0;0,0;1;0,0012277621579147688;5;0,0061388107895738436;3;0,0036832864737443064;5;0,0061388107895738436;2;0,0024555243158295376;1;0,0012277621579147688;2;0,0024555243158295376;7;0,00859433510540338;14;0,01718867021080676;10;0,012277621579147687;2;0,0024555243158295376;1;0,0012277621579147688;1;0,0012277621579147688;0;0,0;2;0,0024555243158295376;0;0,0;0;0,0;0;0,0;0;0,0;0;0,0
60;houseless;1;0,0012277621579147688;2;0,0024555243158295376;3;0,0036832864737443064;3;0,0036832864737443064;1;0,0012277621579147688;1;0,0012277621579147688;9;0,011049859421232919;0;0,0;0;0,0;0;0,0;1;0,0012277621579147688;0;0,0;0;0,0;0;0,0;2;0,0024555243158295376;10;0,012277621579147687;4;0,004911048631659075;5;0,0061388107895738436;0;0,0;4;0,004911048631659075;2;0,0024555243158295376;1;0,0012277621579147688;1;0,0012277621579147688;6;0,007366572947488613;0;0,0;2;0,0024555243158295376
61;homesguarantee;0;0,0;1;0,0012277621579147688;8;0,00982209726331815;3;0,0036832864737443064;0;0,0;2;0,0024555243158295376;0;0,0;0;0,0;0;0,0;1;0,0012277621579147688;3;0,0036832864737443064;10;0,012277621579147687;2;0,0024555243158295376;3;0,0036832864737443064;1;0,0012277621579147688;1;0,0012277621579147688;1;0,0012277621579147688;5;0,0061388107895738436;0;0,0;1;0,0012277621579147688;1;0,0012277621579147688;13;0,015960908052891996;2;0,0024555243158295376;0;0,0;2;0,0024555243158295376;0;0,0
62;cut_social;0;0,0;0;0,0;1;0,0012277621579147688;0;0,0;0;0,0;0;0,0;1;0,0012277621579147688;7;0,00859433510540338;1;0,0012277621579147688;0;0,0;0;0,0;2;0,0024555243158295376;0;0,0;15;0,01841643236872153;5;0,0061388107895738436;25;0,03069405394786922;0;0,0;0;0,0;0;0,0;0;0,0;0;0,0;0;0,0;0;0,0;0;0,0;0;0,0;0;0,0
63;exploitation;2;0,0024555243158295376;0;0,0;3;0,0036832864737443064;2;0,0024555243158295376;4;0,004911048631659075;2;0,0024555243158295376;4;0,004911048631659075;5;0,0061388107895738436;0;0,0;1;0,0012277621579147688;1;0,0012277621579147688;1;0,0012277621579147688;4;0,004911048631659075;2;0,0024555243158295376;3;0,0036832864737443064;0;0,0;4;0,004911048631659075;2;0,0024555243158295376;2;0,0024555243158295376;3;0,0036832864737443064;1;0,0012277621579147688;5;0,0061388107895738436;1;0,0012277621579147688;1;0,0012277621579147688;0;0,0;2;0,0024555243158295376
64;gentrification;2;0,0024555243158295376;2;0,0024555243158295376;6;0,007366572947488613;0;0,0;1;0,0012277621579147688;3;0,0036832864737443064;2;0,0024555243158295376;4;0,004911048631659075;3;0,0036832864737443064;4;0,004911048631659075;2;0,0024555243158295376;4;0,004911048631659075;3;0,0036832864737443064;4;0,004911048631659075;2;0,0024555243158295376;0;0,0;2;0,0024555243158295376;1;0,0012277621579147688;0;0,0;1;0,0012277621579147688;1;0,0012277621579147688;2;0,0024555243158295376;3;0,0036832864737443064;2;0,0024555243158295376;0;0,0;0;0,0
65;mortgage_payment;0;0,0;0;0,0;0;0,0;0;0,0;0;0,0;0;0,0;0;0,0;0;0,0;0;0,0;0;0,0;0;0,0;0;0,0;0;0,0;0;0,0;3;0,0036832864737443064;4;0,004911048631659075;11;0,013505383737062455;6;0,007366572947488613;10;0,012277621579147687;5;0,0061388107895738436;1;0,0012277621579147688;6;0,007366572947488613;1;0,0012277621579147688;0;0,0;0;0,0;6;0,007366572947488613
66;rentfreezenow;0;0,0;0;0,0;0;0,0;0;0,0;0;0,0;0;0,0;0;0,0;0;0,0;0;0,0;0;0,0;0;0,0;0;0,0;0;0,0;0;0,0;0;0,0;4;0,004911048631659075;8;0,00982209726331815;19;0,023327481000380606;3;0,0036832864737443064;8;0,00982209726331815;1;0,0012277621579147688;3;0,0036832864737443064;1;0,0012277621579147688;0;0,0;1;0,0012277621579147688;0;0,0
67;salary;0;0,0;2;0,0024555243158295376;2;0,0024555243158295376;1;0,0012277621579147688;0;0,0;1;0,0012277621579147688;1;0,0012277621579147688;0;0,0;1;0,0012277621579147688;2;0,0024555243158295376;0;0,0;8;0,00982209726331815;1;0,0012277621579147688;0;0,0;1;0,0012277621579147688;3;0,0036832864737443064;7;0,00859433510540338;1;0,0012277621579147688;3;0,0036832864737443064;1;0,0012277621579147688;4;0,004911048631659075;0;0,0;1;0,0012277621579147688;5;0,0061388107895738436;1;0,0012277621579147688;2;0,0024555243158295376
68;safety_net;0;0,0;0;0,0;0;0,0;0;0,0;0;0,0;1;0,0012277621579147688;0;0,0;0;0,0;0;0,0;1;0,0012277621579147688;1;0,0012277621579147688;1;0,0012277621579147688;0;0,0;1;0,0012277621579147688;9;0,011049859421232919;15;0,01841643236872153;5;0,0061388107895738436;4;0,004911048631659075;2;0,0024555243158295376;1;0,0012277621579147688;0;0,0;3;0,0036832864737443064;2;0,0024555243158295376;1;0,0012277621579147688;0;0,0;1;0,0012277621579147688
69;relief_fund;0;0,0;0;0,0;0;0,0;0;0,0;0;0,0;0;0,0;0;0,0;0;0,0;0;0,0;0;0,0;0;0,0;0;0,0;0;0,0;0;0,0;4;0,004911048631659075;4;0,004911048631659075;3;0,0036832864737443064;4;0,004911048631659075;3;0,0036832864737443064;2;0,0024555243158295376;4;0,004911048631659075;7;0,00859433510540338;11;0,013505383737062455;1;0,0012277621579147688;4;0,004911048631659075;0;0,0
70;small_business;0;0,0;0;0,0;0;0,0;0;0,0;1;0,0012277621579147688;0;0,0;0;0,0;0;0,0;0;0,0;0;0,0;1;0,0012277621579147688;0;0,0;0;0,0;0;0,0;4;0,004911048631659075;6;0,007366572947488613;14;0,01718867021080676;3;0,0036832864737443064;1;0,0012277621579147688;6;0,007366572947488613;4;0,004911048631659075;0;0,0;3;0,0036832864737443064;0;0,0;0;0,0;2;0,0024555243158295376
71;union_busting;1;0,0012277621579147688;2;0,0024555243158295376;2;0,0024555243158295376;1;0,0012277621579147688;0;0,0;0;0,0;0;0,0;1;0,0012277621579147688;2;0,0024555243158295376;0;0,0;1;0,0012277621579147688;6;0,007366572947488613;1;0,0012277621579147688;9;0,011049859421232919;1;0,0012277621579147688;1;0,0012277621579147688;0;0,0;2;0,0024555243158295376;5;0,0061388107895738436;1;0,0012277621579147688;4;0,004911048631659075;2;0,0024555243158295376;0;0,0;2;0,0024555243158295376;0;0,0;1;0,0012277621579147688
72;eviction_foreclosure;0;0,0;0;0,0;0;0,0;0;0,0;0;0,0;0;0,0;0;0,0;0;0,0;0;0,0;0;0,0;0;0,0;0;0,0;0;0,0;0;0,0;6;0,007366572947488613;16;0,0196441945266363;7;0,00859433510540338;3;0,0036832864737443064;1;0,0012277621579147688;2;0,0024555243158295376;0;0,0;4;0,004911048631659075;1;0,0012277621579147688;1;0,0012277621579147688;1;0,0012277621579147688;2;0,0024555243158295376
73;foreclosure;1;0,0012277621579147688;0;0,0;0;0,0;0;0,0;1;0,0012277621579147688;1;0,0012277621579147688;0;0,0;1;0,0012277621579147688;0;0,0;0;0,0;0;0,0;1;0,0012277621579147688;0;0,0;1;0,0012277621579147688;8;0,00982209726331815;8;0,00982209726331815;7;0,00859433510540338;1;0,0012277621579147688;0;0,0;1;0,0012277621579147688;0;0,0;3;0,0036832864737443064;2;0,0024555243158295376;2;0,0024555243158295376;3;0,0036832864737443064;0;0,0
74;peoplesbailout;0;0,0;0;0,0;0;0,0;0;0,0;0;0,0;0;0,0;0;0,0;0;0,0;0;0,0;0;0,0;0;0,0;0;0,0;0;0,0;0;0,0;0;0,0;0;0,0;9;0,011049859421232919;6;0,007366572947488613;6;0,007366572947488613;5;0,0061388107895738436;4;0,004911048631659075;2;0,0024555243158295376;2;0,0024555243158295376;5;0,0061388107895738436;0;0,0;2;0,0024555243158295376
75;rental;2;0,0024555243158295376;1;0,0012277621579147688;0;0,0;0;0,0;0;0,0;1;0,0012277621579147688;1;0,0012277621579147688;1;0,0012277621579147688;0;0,0;1;0,0012277621579147688;3;0,0036832864737443064;0;0,0;0;0,0;0;0,0;1;0,0012277621579147688;8;0,00982209726331815;5;0,0061388107895738436;3;0,0036832864737443064;0;0,0;0;0,0;2;0,0024555243158295376;3;0,0036832864737443064;1;0,0012277621579147688;1;0,0012277621579147688;7;0,00859433510540338;0;0,0
76;lifttheban_rent;0;0,0;0;0,0;0;0,0;0;0,0;0;0,0;0;0,0;0;0,0;0;0,0;0;0,0;0;0,0;1;0,0012277621579147688;5;0,0061388107895738436;0;0,0;6;0,007366572947488613;0;0,0;2;0,0024555243158295376;0;0,0;6;0,007366572947488613;3;0,0036832864737443064;2;0,0024555243158295376;0;0,0;9;0,011049859421232919;2;0,0024555243158295376;0;0,0;1;0,0012277621579147688;2;0,0024555243158295376
77;billionaire_exist;0;0,0;0;0,0;0;0,0;0;0,0;1;0,0012277621579147688;0;0,0;0;0,0;0;0,0;0;0,0;7;0,00859433510540338;5;0,0061388107895738436;16;0,0196441945266363;3;0,0036832864737443064;3;0,0036832864737443064;0;0,0;0;0,0;0;0,0;0;0,0;1;0,0012277621579147688;0;0,0;1;0,0012277621579147688;1;0,0012277621579147688;1;0,0012277621579147688;0;0,0;0;0,0;0;0,0
78;low_wage;1;0,0012277621579147688;1;0,0012277621579147688;0;0,0;1;0,0012277621579147688;0;0,0;0;0,0;0;0,0;1;0,0012277621579147688;1;0,0012277621579147688;2;0,0024555243158295376;2;0,0024555243158295376;0;0,0;2;0,0024555243158295376;0;0,0;1;0,0012277621579147688;1;0,0012277621579147688;11;0,013505383737062455;3;0,0036832864737443064;1;0,0012277621579147688;4;0,004911048631659075;4;0,004911048631659075;1;0,0012277621579147688;0;0,0;2;0,0024555243158295376;0;0,0;0;0,0
79;file_unemployment;0;0,0;0;0,0;0;0,0;0;0,0;0;0,0;0;0,0;0;0,0;0;0,0;0;0,0;0;0,0;0;0,0;0;0,0;0;0,0;0;0,0;0;0,0;2;0,0024555243158295376;1;0,0012277621579147688;16;0,0196441945266363;4;0,004911048631659075;3;0,0036832864737443064;4;0,004911048631659075;2;0,0024555243158295376;0;0,0;1;0,0012277621579147688;2;0,0024555243158295376;3;0,0036832864737443064
80;hungry;3;0,0036832864737443064;2;0,0024555243158295376;0;0,0;0;0,0;0;0,0;2;0,0024555243158295376;1;0,0012277621579147688;0;0,0;0;0,0;0;0,0;1;0,0012277621579147688;0;0,0;2;0,0024555243158295376;0;0,0;4;0,004911048631659075;0;0,0;2;0,0024555243158295376;4;0,004911048631659075;3;0,0036832864737443064;1;0,0012277621579147688;1;0,0012277621579147688;0;0,0;1;0,0012277621579147688;1;0,0012277621579147688;5;0,0061388107895738436;4;0,004911048631659075
81;unhoused_neighbor;1;0,0012277621579147688;0;0,0;0;0,0;0;0,0;0;0,0;2;0,0024555243158295376;2;0,0024555243158295376;0;0,0;1;0,0012277621579147688;1;0,0012277621579147688;4;0,004911048631659075;0;0,0;3;0,0036832864737443064;0;0,0;2;0,0024555243158295376;6;0,007366572947488613;3;0,0036832864737443064;0;0,0;2;0,0024555243158295376;3;0,0036832864737443064;1;0,0012277621579147688;3;0,0036832864737443064;1;0,0012277621579147688;0;0,0;0;0,0;1;0,0012277621579147688
82;fair_contract;2;0,0024555243158295376;3;0,0036832864737443064;4;0,004911048631659075;2;0,0024555243158295376;0;0,0;5;0,0061388107895738436;3;0,0036832864737443064;3;0,0036832864737443064;0;0,0;5;0,0061388107895738436;1;0,0012277621579147688;3;0,0036832864737443064;2;0,0024555243158295376;0;0,0;0;0,0;0;0,0;0;0,0;0;0,0;0;0,0;0;0,0;0;0,0;1;0,0012277621579147688;0;0,0;1;0,0012277621579147688;0;0,0;1;0,0012277621579147688
83;tenant_protection;1;0,0012277621579147688;0;0,0;2;0,0024555243158295376;2;0,0024555243158295376;1;0,0012277621579147688;1;0,0012277621579147688;1;0,0012277621579147688;1;0,0012277621579147688;4;0,004911048631659075;0;0,0;0;0,0;0;0,0;0;0,0;0;0,0;0;0,0;5;0,0061388107895738436;2;0,0024555243158295376;0;0,0;0;0,0;1;0,0012277621579147688;3;0,0036832864737443064;2;0,0024555243158295376;0;0,0;1;0,0012277621579147688;4;0,004911048631659075;5;0,0061388107895738436
84;housingisahumanright;1;0,0012277621579147688;2;0,0024555243158295376;0;0,0;0;0,0;0;0,0;4;0,004911048631659075;12;0,014733145894977226;0;0,0;1;0,0012277621579147688;2;0,0024555243158295376;0;0,0;1;0,0012277621579147688;0;0,0;0;0,0;1;0,0012277621579147688;2;0,0024555243158295376;1;0,0012277621579147688;2;0,0024555243158295376;2;0,0024555243158295376;0;0,0;0;0,0;0;0,0;0;0,0;2;0,0024555243158295376;1;0,0012277621579147688;0;0,0
85;nyhomesguarantee;1;0,0012277621579147688;2;0,0024555243158295376;0;0,0;4;0,004911048631659075;0;0,0;11;0,013505383737062455;4;0,004911048631659075;1;0,0012277621579147688;0;0,0;1;0,0012277621579147688;1;0,0012277621579147688;2;0,0024555243158295376;0;0,0;1;0,0012277621579147688;3;0,0036832864737443064;1;0,0012277621579147688;0;0,0;0;0,0;0;0,0;0;0,0;0;0,0;0;0,0;1;0,0012277621579147688;0;0,0;0;0,0;0;0,0
86;utility_payment;0;0,0;0;0,0;0;0,0;0;0,0;0;0,0;0;0,0;0;0,0;0;0,0;0;0,0;0;0,0;0;0,0;0;0,0;0;0,0;0;0,0;1;0,0012277621579147688;9;0,011049859421232919;4;0,004911048631659075;0;0,0;4;0,004911048631659075;1;0,0012277621579147688;2;0,0024555243158295376;6;0,007366572947488613;1;0,0012277621579147688;3;0,0036832864737443064;1;0,0012277621579147688;0;0,0
87;wage_theft;2;0,0024555243158295376;0;0,0;1;0,0012277621579147688;2;0,0024555243158295376;1;0,0012277621579147688;0;0,0;0;0,0;1;0,0012277621579147688;4;0,004911048631659075;1;0,0012277621579147688;2;0,0024555243158295376;3;0,0036832864737443064;2;0,0024555243158295376;2;0,0024555243158295376;0;0,0;0;0,0;0;0,0;0;0,0;0;0,0;0;0,0;0;0,0;0;0,0;1;0,0012277621579147688;1;0,0012277621579147688;1;0,0012277621579147688;8;0,00982209726331815
88;makebillionairespay;0;0,0;2;0,0024555243158295376;0;0,0;0;0,0;0;0,0;4;0,004911048631659075;1;0,0012277621579147688;1;0,0012277621579147688;0;0,0;6;0,007366572947488613;1;0,0012277621579147688;1;0,0012277621579147688;2;0,0024555243158295376;0;0,0;0;0,0;2;0,0024555243158295376;2;0,0024555243158295376;1;0,0012277621579147688;0;0,0;0;0,0;0;0,0;3;0,0036832864737443064;2;0,0024555243158295376;0;0,0;2;0,0024555243158295376;0;0,0
89;stimulus_package;0;0,0;0;0,0;0;0,0;0;0,0;0;0,0;0;0,0;0;0,0;0;0,0;0;0,0;0;0,0;0;0,0;0;0,0;0;0,0;0;0,0;1;0,0012277621579147688;3;0,0036832864737443064;8;0,00982209726331815;3;0,0036832864737443064;1;0,0012277621579147688;0;0,0;10;0,012277621579147687;2;0,0024555243158295376;1;0,0012277621579147688;0;0,0;1;0,0012277621579147688;0;0,0
90;bail_reform;0;0,0;1;0,0012277621579147688;0;0,0;0;0,0;1;0,0012277621579147688;3;0,0036832864737443064;1;0,0012277621579147688;2;0,0024555243158295376;1;0,0012277621579147688;1;0,0012277621579147688;1;0,0012277621579147688;0;0,0;1;0,0012277621579147688;1;0,0012277621579147688;1;0,0012277621579147688;2;0,0024555243158295376;2;0,0024555243158295376;6;0,007366572947488613;0;0,0;0;0,0;0;0,0;0;0,0;0;0,0;2;0,0024555243158295376;0;0,0;0;0,0
91;tuition_free;1;0,0012277621579147688;2;0,0024555243158295376;1;0,0012277621579147688;0;0,0;0;0,0;4;0,004911048631659075;10;0,012277621579147687;0;0,0;0;0,0;2;0,0024555243158295376;0;0,0;0;0,0;2;0,0024555243158295376;0;0,0;1;0,0012277621579147688;6;0,007366572947488613;0;0,0;0;0,0;0;0,0;0;0,0;0;0,0;0;0,0;0;0,0;0;0,0;0;0,0;0;0,0
92;unpaid;2;0,0024555243158295376;0;0,0;0;0,0;0;0,0;2;0,0024555243158295376;1;0,0012277621579147688;2;0,0024555243158295376;0;0,0;2;0,0024555243158295376;2;0,0024555243158295376;1;0,0012277621579147688;3;0,0036832864737443064;0;0,0;1;0,0012277621579147688;1;0,0012277621579147688;1;0,0012277621579147688;2;0,0024555243158295376;0;0,0;1;0,0012277621579147688;1;0,0012277621579147688;0;0,0;1;0,0012277621579147688;0;0,0;1;0,0012277621579147688;2;0,0024555243158295376;0;0,0
93;foreclosure_utility;0;0,0;0;0,0;0;0,0;0;0,0;0;0,0;0;0,0;0;0,0;0;0,0;0;0,0;0;0,0;0;0,0;0;0,0;0;0,0;0;0,0;24;0,02946629178995445;2;0,0024555243158295376;2;0,0024555243158295376;0;0,0;0;0,0;0;0,0;0;0,0;0;0,0;0;0,0;0;0,0;0;0,0;0;0,0
94;rentfreeze;0;0,0;0;0,0;0;0,0;0;0,0;0;0,0;0;0,0;0;0,0;0;0,0;0;0,0;0;0,0;0;0,0;0;0,0;0;0,0;0;0,0;1;0,0012277621579147688;1;0,0012277621579147688;3;0,0036832864737443064;17;0,02087195668455107;2;0,0024555243158295376;2;0,0024555243158295376;1;0,0012277621579147688;0;0,0;0;0,0;0;0,0;0;0,0;0;0,0
95;workforce;0;0,0;0;0,0;0;0,0;1;0,0012277621579147688;0;0,0;1;0,0012277621579147688;1;0,0012277621579147688;0;0,0;0;0,0;1;0,0012277621579147688;0;0,0;0;0,0;0;0,0;0;0,0;2;0,0024555243158295376;0;0,0;3;0,0036832864737443064;4;0,004911048631659075;1;0,0012277621579147688;2;0,0024555243158295376;0;0,0;4;0,004911048631659075;2;0,0024555243158295376;2;0,0024555243158295376;2;0,0024555243158295376;0;0,0
96;evictionmoratorium;0;0,0;0;0,0;0;0,0;0;0,0;0;0,0;0;0,0;0;0,0;0;0,0;0;0,0;0;0,0;0;0,0;0;0,0;0;0,0;0;0,0;4;0,004911048631659075;10;0,012277621579147687;4;0,004911048631659075;0;0,0;1;0,0012277621579147688;3;0,0036832864737443064;2;0,0024555243158295376;1;0,0012277621579147688;1;0,0012277621579147688;1;0,0012277621579147688;0;0,0;0;0,0
97;nursing_home;0;0,0;0;0,0;0;0,0;0;0,0;0;0,0;0;0,0;1;0,0012277621579147688;1;0,0012277621579147688;2;0,0024555243158295376;0;0,0;0;0,0;0;0,0;0;0,0;0;0,0;2;0,0024555243158295376;0;0,0;3;0,0036832864737443064;0;0,0;1;0,0012277621579147688;2;0,0024555243158295376;0;0,0;2;0,0024555243158295376;5;0,0061388107895738436;0;0,0;0;0,0;6;0,007366572947488613
98;rentcontrol;1;0,0012277621579147688;0;0,0;0;0,0;0;0,0;0;0,0;2;0,0024555243158295376;7;0,00859433510540338;2;0,0024555243158295376;2;0,0024555243158295376;1;0,0012277621579147688;0;0,0;0;0,0;2;0,0024555243158295376;2;0,0024555243158295376;0;0,0;1;0,0012277621579147688;0;0,0;2;0,0024555243158295376;0;0,0;0;0,0;2;0,0024555243158295376;0;0,0;0;0,0;1;0,0012277621579147688;1;0,0012277621579147688;1;0,0012277621579147688
99;slumlord;1;0,0012277621579147688;3;0,0036832864737443064;2;0,0024555243158295376;1;0,0012277621579147688;1;0,0012277621579147688;1;0,0012277621579147688;1;0,0012277621579147688;3;0,0036832864737443064;1;0,0012277621579147688;0;0,0;1;0,0012277621579147688;0;0,0;2;0,0024555243158295376;1;0,0012277621579147688;0;0,0;0;0,0;0;0,0;2;0,0024555243158295376;0;0,0;1;0,0012277621579147688;0;0,0;0;0,0;3;0,0036832864737443064;0;0,0;2;0,0024555243158295376;0;0,0
100;cancelmortgage;0;0,0;0;0,0;0;0,0;0;0,0;0;0,0;0;0,0;0;0,0;0;0,0;0;0,0;0;0,0;0;0,0;0;0,0;0;0,0;0;0,0;0;0,0;0;0,0;0;0,0;1;0,0012277621579147688;0;0,0;3;0,0036832864737443064;0;0,0;17;0,02087195668455107;2;0,0024555243158295376;0;0,0;2;0,0024555243158295376;0;0,0
101;residence;0;0,0;1;0,0012277621579147688;0;0,0;0;0,0;9;0,011049859421232919;5;0,0061388107895738436;0;0,0;0;0,0;0;0,0;0;0,0;0;0,0;0;0,0;0;0,0;0;0,0;1;0,0012277621579147688;0;0,0;2;0,0024555243158295376;1;0,0012277621579147688;0;0,0;1;0,0012277621579147688;0;0,0;0;0,0;0;0,0;1;0,0012277621579147688;0;0,0;1;0,0012277621579147688
102;cancelrentnj;0;0,0;0;0,0;0;0,0;0;0,0;0;0,0;0;0,0;0;0,0;0;0,0;0;0,0;0;0,0;0;0,0;0;0,0;0;0,0;0;0,0;0;0,0;0;0,0;0;0,0;0;0,0;7;0,00859433510540338;7;0,00859433510540338;4;0,004911048631659075;3;0,0036832864737443064;2;0,0024555243158295376;0;0,0;0;0,0;0;0,0
103;canceltherent;0;0,0;0;0,0;0;0,0;0;0,0;0;0,0;0;0,0;0;0,0;0;0,0;0;0,0;0;0,0;0;0,0;0;0,0;0;0,0;0;0,0;0;0,0;0;0,0;1;0,0012277621579147688;1;0,0012277621579147688;0;0,0;0;0,0;0;0,0;16;0,0196441945266363;0;0,0;1;0,0012277621579147688;0;0,0;4;0,004911048631659075
104;mortgage_cancellation;0;0,0;0;0,0;0;0,0;0;0,0;0;0,0;0;0,0;0;0,0;0;0,0;0;0,0;0;0,0;0;0,0;0;0,0;0;0,0;0;0,0;0;0,0;0;0,0;0;0,0;0;0,0;0;0,0;0;0,0;0;0,0;21;0,025783005316210143;2;0,0024555243158295376;0;0,0;0;0,0;0;0,0
105;decommodify;1;0,0012277621579147688;0;0,0;2;0,0024555243158295376;1;0,0012277621579147688;0;0,0;0;0,0;0;0,0;0;0,0;0;0,0;0;0,0;1;0,0012277621579147688;1;0,0012277621579147688;1;0,0012277621579147688;2;0,0024555243158295376;2;0,0024555243158295376;1;0,0012277621579147688;0;0,0;0;0,0;0;0,0;0;0,0;1;0,0012277621579147688;0;0,0;9;0,011049859421232919;0;0,0;0;0,0;0;0,0
106;utility_shutoff;0;0,0;0;0,0;0;0,0;0;0,0;0;0,0;0;0,0;0;0,0;0;0,0;0;0,0;0;0,0;1;0,0012277621579147688;0;0,0;1;0,0012277621579147688;1;0,0012277621579147688;5;0,0061388107895738436;2;0,0024555243158295376;8;0,00982209726331815;0;0,0;0;0,0;0;0,0;0;0,0;1;0,0012277621579147688;0;0,0;3;0,0036832864737443064;0;0,0;0;0,0
107;landlordhorrorstory;0;0,0;19;0,023327481000380606;1;0,0012277621579147688;0;0,0;0;0,0;0;0,0;0;0,0;0;0,0;0;0,0;0;0,0;0;0,0;0;0,0;0;0,0;0;0,0;0;0,0;0;0,0;0;0,0;0;0,0;0;0,0;0;0,0;0;0,0;0;0,0;0;0,0;0;0,0;0;0,0;0;0,0
108;cancelstudentdebt;0;0,0;0;0,0;1;0,0012277621579147688;0;0,0;0;0,0;0;0,0;0;0,0;0;0,0;1;0,0012277621579147688;2;0,0024555243158295376;2;0,0024555243158295376;2;0,0024555243158295376;2;0,0024555243158295376;2;0,0024555243158295376;3;0,0036832864737443064;0;0,0;0;0,0;1;0,0012277621579147688;2;0,0024555243158295376;0;0,0;0;0,0;0;0,0;0;0,0;1;0,0012277621579147688;0;0,0;0;0,0
109;redistribution;0;0,0;0;0,0;0;0,0;1;0,0012277621579147688;1;0,0012277621579147688;0;0,0;0;0,0;4;0,004911048631659075;0;0,0;2;0,0024555243158295376;1;0,0012277621579147688;0;0,0;0;0,0;0;0,0;0;0,0;1;0,0012277621579147688;2;0,0024555243158295376;1;0,0012277621579147688;1;0,0012277621579147688;1;0,0012277621579147688;0;0,0;0;0,0;0;0,0;1;0,0012277621579147688;2;0,0024555243158295376;0;0,0
110;protectallworker;0;0,0;0;0,0;0;0,0;0;0,0;0;0,0;0;0,0;0;0,0;0;0,0;0;0,0;0;0,0;0;0,0;0;0,0;0;0,0;0;0,0;0;0,0;0;0,0;0;0,0;2;0,0024555243158295376;0;0,0;0;0,0;0;0,0;4;0,004911048631659075;1;0,0012277621579147688;9;0,011049859421232919;1;0,0012277621579147688;1;0,0012277621579147688
111;accessibility;0;0,0;0;0,0;1;0,0012277621579147688;0;0,0;0;0,0;0;0,0;2;0,0024555243158295376;2;0,0024555243158295376;2;0,0024555243158295376;0;0,0;3;0,0036832864737443064;0;0,0;0;0,0;1;0,0012277621579147688;2;0,0024555243158295376;0;0,0;1;0,0012277621579147688;0;0,0;0;0,0;0;0,0;0;0,0;0;0,0;0;0,0;0;0,0;1;0,0012277621579147688;1;0,0012277621579147688
112;rentcontrolnow;1;0,0012277621579147688;0;0,0;2;0,0024555243158295376;0;0,0;0;0,0;2;0,0024555243158295376;5;0,0061388107895738436;0;0,0;2;0,0024555243158295376;0;0,0;0;0,0;3;0,0036832864737443064;0;0,0;2;0,0024555243158295376;0;0,0;0;0,0;0;0,0;0;0,0;0;0,0;0;0,0;0;0,0;0;0,0;0;0,0;0;0,0;0;0,0;0;0,0
113;organizethesouth;0;0,0;0;0,0;0;0,0;2;0,0024555243158295376;0;0,0;0;0,0;0;0,0;0;0,0;1;0,0012277621579147688;0;0,0;3;0,0036832864737443064;0;0,0;0;0,0;1;0,0012277621579147688;1;0,0012277621579147688;1;0,0012277621579147688;0;0,0;1;0,0012277621579147688;1;0,0012277621579147688;1;0,0012277621579147688;3;0,0036832864737443064;0;0,0;0;0,0;0;0,0;0;0,0;1;0,0012277621579147688
114;manufacturer;0;0,0;1;0,0012277621579147688;0;0,0;0;0,0;1;0,0012277621579147688;0;0,0;1;0,0012277621579147688;1;0,0012277621579147688;0;0,0;0;0,0;0;0,0;0;0,0;0;0,0;3;0,0036832864737443064;2;0,0024555243158295376;1;0,0012277621579147688;0;0,0;2;0,0024555243158295376;2;0,0024555243158295376;0;0,0;0;0,0;0;0,0;0;0,0;1;0,0012277621579147688;0;0,0;0;0,0
115;maydaystrike;0;0,0;0;0,0;0;0,0;0;0,0;0;0,0;0;0,0;0;0,0;0;0,0;0;0,0;0;0,0;0;0,0;0;0,0;0;0,0;0;0,0;0;0,0;0;0,0;0;0,0;0;0,0;0;0,0;0;0,0;0;0,0;15;0,01841643236872153;0;0,0;0;0,0;0;0,0;0;0,0
116;unionsforall;0;0,0;1;0,0012277621579147688;0;0,0;1;0,0012277621579147688;0;0,0;1;0,0012277621579147688;1;0,0012277621579147688;3;0,0036832864737443064;0;0,0;1;0,0012277621579147688;1;0,0012277621579147688;1;0,0012277621579147688;0;0,0;1;0,0012277621579147688;2;0,0024555243158295376;0;0,0;0;0,0;0;0,0;0;0,0;0;0,0;1;0,0012277621579147688;1;0,0012277621579147688;0;0,0;0;0,0;0;0,0;0;0,0
117;unskilled;0;0,0;1;0,0012277621579147688;0;0,0;0;0,0;0;0,0;0;0,0;0;0,0;0;0,0;0;0,0;0;0,0;0;0,0;0;0,0;0;0,0;0;0,0;0;0,0;1;0,0012277621579147688;11;0,013505383737062455;0;0,0;1;0,0012277621579147688;1;0,0012277621579147688;0;0,0;0;0,0;0;0,0;0;0,0;0;0,0;0;0,0
118;overtime;1;0,0012277621579147688;1;0,0012277621579147688;0;0,0;0;0,0;0;0,0;0;0,0;1;0,0012277621579147688;3;0,0036832864737443064;0;0,0;0;0,0;0;0,0;0;0,0;0;0,0;0;0,0;1;0,0012277621579147688;0;0,0;0;0,0;4;0,004911048631659075;1;0,0012277621579147688;0;0,0;0;0,0;0;0,0;0;0,0;0;0,0;0;0,0;2;0,0024555243158295376
119;underinsure;0;0,0;0;0,0;0;0,0;0;0,0;0;0,0;0;0,0;1;0,0012277621579147688;0;0,0;0;0,0;0;0,0;0;0,0;0;0,0;0;0,0;0;0,0;9;0,011049859421232919;4;0,004911048631659075;0;0,0;0;0,0;0;0,0;0;0,0;0;0,0;0;0,0;0;0,0;0;0,0;0;0,0;0;0,0
120;rentzero;0;0,0;0;0,0;0;0,0;0;0,0;0;0,0;0;0,0;0;0,0;0;0,0;0;0,0;0;0,0;0;0,0;0;0,0;0;0,0;0;0,0;0;0,0;0;0,0;3;0,0036832864737443064;5;0,0061388107895738436;2;0,0024555243158295376;0;0,0;0;0,0;3;0,0036832864737443064;0;0,0;0;0,0;0;0,0;0;0,0
121;uninsure;0;0,0;0;0,0;0;0,0;0;0,0;0;0,0;0;0,0;1;0,0012277621579147688;0;0,0;1;0,0012277621579147688;2;0,0024555243158295376;0;0,0;0;0,0;1;0,0012277621579147688;1;0,0012277621579147688;1;0,0012277621579147688;1;0,0012277621579147688;0;0,0;1;0,0012277621579147688;0;0,0;0;0,0;0;0,0;2;0,0024555243158295376;0;0,0;0;0,0;0;0,0;1;0,0012277621579147688
122;unionization;2;0,0024555243158295376;0;0,0;1;0,0012277621579147688;0;0,0;0;0,0;0;0,0;0;0,0;2;0,0024555243158295376;0;0,0;0;0,0;0;0,0;0;0,0;0;0,0;0;0,0;1;0,0012277621579147688;1;0,0012277621579147688;1;0,0012277621579147688;1;0,0012277621579147688;0;0,0;0;0,0;2;0,0024555243158295376;1;0,0012277621579147688;0;0,0;0;0,0;0;0,0;0;0,0
123;cancelrentwisconsin;0;0,0;0;0,0;0;0,0;0;0,0;0;0,0;0;0,0;0;0,0;0;0,0;0;0,0;0;0,0;0;0,0;0;0,0;0;0,0;0;0,0;0;0,0;0;0,0;0;0,0;0;0,0;0;0,0;0;0,0;0;0,0;11;0,013505383737062455;0;0,0;0;0,0;0;0,0;0;0,0
124;cancelmortgageswisconsin;0;0,0;0;0,0;0;0,0;0;0,0;0;0,0;0;0,0;0;0,0;0;0,0;0;0,0;0;0,0;0;0,0;0;0,0;0;0,0;0;0,0;0;0,0;0;0,0;0;0,0;0;0,0;0;0,0;0;0,0;0;0,0;10;0,012277621579147687;0;0,0;0;0,0;0;0,0;0;0,0
125;socialsecurity;0;0,0;0;0,0;0;0,0;0;0,0;1;0,0012277621579147688;0;0,0;0;0,0;0;0,0;0;0,0;0;0,0;0;0,0;1;0,0012277621579147688;0;0,0;1;0,0012277621579147688;0;0,0;7;0,00859433510540338;0;0,0;0;0,0;0;0,0;0;0,0;0;0,0;0;0,0;0;0,0;0;0,0;0;0,0;0;0,0
126;suspendrent;0;0,0;0;0,0;0;0,0;0;0,0;0;0,0;0;0,0;0;0,0;0;0,0;0;0,0;0;0,0;0;0,0;0;0,0;0;0,0;0;0,0;0;0,0;0;0,0;3;0,0036832864737443064;4;0,004911048631659075;1;0,0012277621579147688;1;0,0012277621579147688;0;0,0;0;0,0;0;0,0;0;0,0;0;0,0;0;0,0
127;debtor;0;0,0;1;0,0012277621579147688;0;0,0;0;0,0;0;0,0;0;0,0;1;0,0012277621579147688;0;0,0;2;0,0024555243158295376;1;0,0012277621579147688;0;0,0;0;0,0;0;0,0;0;0,0;0;0,0;0;0,0;1;0,0012277621579147688;0;0,0;0;0,0;0;0,0;0;0,0;0;0,0;0;0,0;0;0,0;0;0,0;0;0,0
128;endcashbail;0;0,0;0;0,0;0;0,0;0;0,0;1;0,0012277621579147688;0;0,0;2;0,0024555243158295376;0;0,0;0;0,0;0;0,0;0;0,0;0;0,0;1;0,0012277621579147688;0;0,0;0;0,0;1;0,0012277621579147688;0;0,0;0;0,0;2;0,0024555243158295376;1;0,0012277621579147688;0;0,0;0;0,0;0;0,0;0;0,0;0;0,0;0;0,0
129;goodcauseeviction;0;0,0;0;0,0;0;0,0;0;0,0;0;0,0;8;0,00982209726331815;0;0,0;0;0,0;0;0,0;0;0,0;0;0,0;0;0,0;0;0,0;0;0,0;0;0,0;0;0,0;0;0,0;0;0,0;0;0,0;0;0,0;0;0,0;0;0,0;0;0,0;0;0,0;0;0,0;0;0,0
130;poorpeoplescampaign;0;0,0;0;0,0;0;0,0;0;0,0;0;0,0;0;0,0;1;0,0012277621579147688;0;0,0;0;0,0;0;0,0;0;0,0;0;0,0;2;0,0024555243158295376;0;0,0;3;0,0036832864737443064;1;0,0012277621579147688;1;0,0012277621579147688;0;0,0;0;0,0;0;0,0;0;0,0;0;0,0;0;0,0;0;0,0;0;0,0;0;0,0
131;servicesnotsweep;0;0,0;0;0,0;0;0,0;1;0,0012277621579147688;0;0,0;0;0,0;0;0,0;0;0,0;3;0,0036832864737443064;0;0,0;0;0,0;0;0,0;3;0,0036832864737443064;0;0,0;0;0,0;0;0,0;0;0,0;0;0,0;0;0,0;1;0,0012277621579147688;0;0,0;0;0,0;0;0,0;0;0,0;0;0,0;0;0,0
132;evicti;0;0,0;0;0,0;0;0,0;0;0,0;0;0,0;0;0,0;0;0,0;0;0,0;0;0,0;0;0,0;0;0,0;0;0,0;0;0,0;0;0,0;5;0,0061388107895738436;1;0,0012277621579147688;0;0,0;1;0,0012277621579147688;0;0,0;0;0,0;0;0,0;0;0,0;0;0,0;0;0,0;0;0,0;0;0,0
133;homesforall;0;0,0;0;0,0;0;0,0;0;0,0;0;0,0;0;0,0;0;0,0;0;0,0;0;0,0;0;0,0;0;0,0;0;0,0;0;0,0;0;0,0;0;0,0;0;0,0;0;0,0;0;0,0;0;0,0;0;0,0;0;0,0;5;0,0061388107895738436;1;0,0012277621579147688;0;0,0;1;0,0012277621579147688;0;0,0
134;norent;0;0,0;0;0,0;0;0,0;0;0,0;0;0,0;0;0,0;0;0,0;0;0,0;0;0,0;0;0,0;0;0,0;0;0,0;0;0,0;0;0,0;0;0,0;0;0,0;4;0,004911048631659075;0;0,0;0;0,0;0;0,0;0;0,0;2;0,0024555243158295376;0;0,0;0;0,0;0;0,0;1;0,0012277621579147688
135;workerprotection;0;0,0;0;0,0;0;0,0;0;0,0;0;0,0;0;0,0;0;0,0;0;0,0;0;0,0;0;0,0;0;0,0;0;0,0;0;0,0;0;0,0;0;0,0;0;0,0;0;0,0;0;0,0;0;0,0;0;0,0;0;0,0;7;0,00859433510540338;0;0,0;0;0,0;0;0,0;0;0,0
136;cancelrentjb;0;0,0;0;0,0;0;0,0;0;0,0;0;0,0;0;0,0;0;0,0;0;0,0;0;0,0;0;0,0;0;0,0;0;0,0;0;0,0;0;0,0;0;0,0;0;0,0;0;0,0;0;0,0;0;0,0;3;0,0036832864737443064;0;0,0;3;0,0036832864737443064;0;0,0;0;0,0;0;0,0;0;0,0
137;utilitiesstrike;0;0,0;0;0,0;0;0,0;0;0,0;0;0,0;0;0,0;0;0,0;0;0,0;0;0,0;0;0,0;0;0,0;0;0,0;0;0,0;0;0,0;0;0,0;0;0,0;0;0,0;0;0,0;0;0,0;0;0,0;0;0,0;0;0,0;2;0,0024555243158295376;4;0,004911048631659075;0;0,0;0;0,0
138;housingishealthcare;0;0,0;0;0,0;0;0,0;0;0,0;0;0,0;0;0,0;0;0,0;0;0,0;0;0,0;0;0,0;0;0,0;0;0,0;0;0,0;0;0,0;1;0,0012277621579147688;2;0,0024555243158295376;2;0,0024555243158295376;0;0,0;0;0,0;0;0,0;0;0,0;0;0,0;0;0,0;0;0,0;0;0,0;0;0,0
139;solutionsnotsweeps;0;0,0;0;0,0;0;0,0;0;0,0;0;0,0;0;0,0;1;0,0012277621579147688;0;0,0;0;0,0;0;0,0;2;0,0024555243158295376;0;0,0;1;0,0012277621579147688;0;0,0;1;0,0012277621579147688;0;0,0;0;0,0;0;0,0;0;0,0;0;0,0;0;0,0;0;0,0;0;0,0;0;0,0;0;0,0;0;0,0
140;spreadthestrike;0;0,0;0;0,0;0;0,0;0;0,0;0;0,0;0;0,0;0;0,0;0;0,0;0;0,0;0;0,0;0;0,0;1;0,0012277621579147688;2;0,0024555243158295376;1;0,0012277621579147688;0;0,0;0;0,0;1;0,0012277621579147688;0;0,0;0;0,0;0;0,0;0;0,0;0;0,0;0;0,0;0;0,0;0;0,0;0;0,0
141;tenantpower;1;0,0012277621579147688;0;0,0;0;0,0;1;0,0012277621579147688;0;0,0;0;0,0;0;0,0;0;0,0;0;0,0;1;0,0012277621579147688;0;0,0;0;0,0;0;0,0;0;0,0;0;0,0;0;0,0;0;0,0;0;0,0;0;0,0;0;0,0;1;0,0012277621579147688;1;0,0012277621579147688;0;0,0;0;0,0;0;0,0;0;0,0
142;understaffe;0;0,0;0;0,0;0;0,0;0;0,0;0;0,0;0;0,0;0;0,0;0;0,0;1;0,0012277621579147688;0;0,0;1;0,0012277621579147688;0;0,0;0;0,0;0;0,0;1;0,0012277621579147688;0;0,0;2;0,0024555243158295376;0;0,0;0;0,0;0;0,0;0;0,0;0;0,0;0;0,0;0;0,0;0;0,0;0;0,0
143;blackworkersmatter;0;0,0;0;0,0;0;0,0;0;0,0;0;0,0;0;0,0;0;0,0;0;0,0;0;0,0;0;0,0;0;0,0;0;0,0;0;0,0;0;0,0;0;0,0;0;0,0;0;0,0;0;0,0;0;0,0;0;0,0;0;0,0;0;0,0;0;0,0;0;0,0;3;0,0036832864737443064;1;0,0012277621579147688
144;debtfreefuture;0;0,0;0;0,0;0;0,0;0;0,0;0;0,0;0;0,0;0;0,0;0;0,0;0;0,0;0;0,0;0;0,0;0;0,0;0;0,0;0;0,0;0;0,0;0;0,0;0;0,0;0;0,0;0;0,0;1;0,0012277621579147688;0;0,0;2;0,0024555243158295376;1;0,0012277621579147688;0;0,0;0;0,0;0;0,0
145;evictio;0;0,0;1;0,0012277621579147688;1;0,0012277621579147688;1;0,0012277621579147688;0;0,0;0;0,0;0;0,0;0;0,0;0;0,0;0;0,0;0;0,0;0;0,0;0;0,0;0;0,0;0;0,0;0;0,0;0;0,0;0;0,0;1;0,0012277621579147688;0;0,0;0;0,0;0;0,0;0;0,0;0;0,0;0;0,0;0;0,0
146;houselessness;0;0,0;0;0,0;0;0,0;0;0,0;0;0,0;0;0,0;3;0,0036832864737443064;0;0,0;0;0,0;0;0,0;0;0,0;0;0,0;0;0,0;0;0,0;0;0,0;0;0,0;0;0,0;0;0,0;0;0,0;1;0,0012277621579147688;0;0,0;0;0,0;0;0,0;0;0,0;0;0,0;0;0,0
147;precariousness;0;0,0;0;0,0;0;0,0;0;0,0;0;0,0;0;0,0;0;0,0;0;0,0;0;0,0;0;0,0;0;0,0;0;0,0;0;0,0;0;0,0;0;0,0;1;0,0012277621579147688;0;0,0;1;0,0012277621579147688;1;0,0012277621579147688;0;0,0;1;0,0012277621579147688;0;0,0;0;0,0;0;0,0;0;0,0;0;0,0
148;rentrelief;0;0,0;0;0,0;0;0,0;0;0,0;0;0,0;0;0,0;0;0,0;0;0,0;0;0,0;0;0,0;0;0,0;0;0,0;0;0,0;0;0,0;0;0,0;0;0,0;0;0,0;1;0,0012277621579147688;0;0,0;1;0,0012277621579147688;1;0,0012277621579147688;0;0,0;0;0,0;0;0,0;0;0,0;1;0,0012277621579147688
149;abolishlandlords;0;0,0;0;0,0;0;0,0;0;0,0;0;0,0;0;0,0;1;0,0012277621579147688;0;0,0;0;0,0;0;0,0;0;0,0;0;0,0;0;0,0;0;0,0;0;0,0;0;0,0;0;0,0;0;0,0;0;0,0;2;0,0024555243158295376;0;0,0;0;0,0;0;0,0;0;0,0;0;0,0;0;0,0
150;affordablehouse;0;0,0;0;0,0;0;0,0;0;0,0;0;0,0;0;0,0;1;0,0012277621579147688;0;0,0;0;0,0;1;0,0012277621579147688;0;0,0;0;0,0;1;0,0012277621579147688;0;0,0;0;0,0;0;0,0;0;0,0;0;0,0;0;0,0;0;0,0;0;0,0;0;0,0;0;0,0;0;0,0;0;0,0;0;0,0
151;blacklivesmatteratschool;0;0,0;0;0,0;0;0,0;0;0,0;0;0,0;0;0,0;0;0,0;0;0,0;0;0,0;3;0,0036832864737443064;0;0,0;0;0,0;0;0,0;0;0,0;0;0,0;0;0,0;0;0,0;0;0,0;0;0,0;0;0,0;0;0,0;0;0,0;0;0,0;0;0,0;0;0,0;0;0,0
152;cancelbills;0;0,0;0;0,0;0;0,0;0;0,0;0;0,0;0;0,0;0;0,0;0;0,0;0;0,0;0;0,0;0;0,0;0;0,0;0;0,0;0;0,0;0;0,0;0;0,0;0;0,0;0;0,0;0;0,0;0;0,0;0;0,0;0;0,0;2;0,0024555243158295376;1;0,0012277621579147688;0;0,0;0;0,0
153;cbusevictionfreeze;0;0,0;0;0,0;0;0,0;0;0,0;0;0,0;0;0,0;0;0,0;0;0,0;0;0,0;0;0,0;0;0,0;0;0,0;0;0,0;0;0,0;3;0,0036832864737443064;0;0,0;0;0,0;0;0,0;0;0,0;0;0,0;0;0,0;0;0,0;0;0,0;0;0,0;0;0,0;0;0,0
154;decommodifye;0;0,0;0;0,0;0;0,0;0;0,0;0;0,0;0;0,0;0;0,0;0;0,0;0;0,0;0;0,0;1;0,0012277621579147688;0;0,0;0;0,0;0;0,0;2;0,0024555243158295376;0;0,0;0;0,0;0;0,0;0;0,0;0;0,0;0;0,0;0;0,0;0;0,0;0;0,0;0;0,0;0;0,0
155;forbearance;0;0,0;0;0,0;0;0,0;0;0,0;0;0,0;0;0,0;0;0,0;0;0,0;0;0,0;0;0,0;0;0,0;0;0,0;0;0,0;0;0,0;0;0,0;0;0,0;1;0,0012277621579147688;0;0,0;0;0,0;0;0,0;0;0,0;2;0,0024555243158295376;0;0,0;0;0,0;0;0,0;0;0,0
156;hazardpay;0;0,0;0;0,0;0;0,0;0;0,0;0;0,0;0;0,0;0;0,0;0;0,0;0;0,0;0;0,0;0;0,0;0;0,0;0;0,0;0;0,0;0;0,0;0;0,0;0;0,0;0;0,0;1;0,0012277621579147688;1;0,0012277621579147688;0;0,0;1;0,0012277621579147688;0;0,0;0;0,0;0;0,0;0;0,0
157;hazardpaynow;0;0,0;0;0,0;0;0,0;0;0,0;0;0,0;0;0,0;0;0,0;0;0,0;0;0,0;0;0,0;0;0,0;0;0,0;0;0,0;0;0,0;0;0,0;0;0,0;1;0,0012277621579147688;0;0,0;0;0,0;0;0,0;0;0,0;2;0,0024555243158295376;0;0,0;0;0,0;0;0,0;0;0,0
158;homelesscantstayhome;0;0,0;0;0,0;0;0,0;0;0,0;0;0,0;0;0,0;0;0,0;0;0,0;0;0,0;0;0,0;0;0,0;0;0,0;0;0,0;0;0,0;0;0,0;0;0,0;1;0,0012277621579147688;0;0,0;0;0,0;0;0,0;0;0,0;1;0,0012277621579147688;1;0,0012277621579147688;0;0,0;0;0,0;0;0,0
159;humancapitalstock;0;0,0;0;0,0;0;0,0;0;0,0;0;0,0;0;0,0;0;0,0;0;0,0;0;0,0;0;0,0;0;0,0;0;0,0;0;0,0;0;0,0;0;0,0;0;0,0;0;0,0;0;0,0;0;0,0;0;0,0;0;0,0;0;0,0;0;0,0;0;0,0;0;0,0;3;0,0036832864737443064
160;maydayrentstrike;0;0,0;0;0,0;0;0,0;0;0,0;0;0,0;0;0,0;0;0,0;0;0,0;0;0,0;0;0,0;0;0,0;0;0,0;0;0,0;0;0,0;0;0,0;0;0,0;0;0,0;0;0,0;0;0,0;3;0,0036832864737443064;0;0,0;0;0,0;0;0,0;0;0,0;0;0,0;0;0,0
161;mortgag;0;0,0;0;0,0;0;0,0;0;0,0;0;0,0;0;0,0;0;0,0;0;0,0;0;0,0;0;0,0;0;0,0;0;0,0;0;0,0;0;0,0;0;0,0;0;0,0;0;0,0;0;0,0;0;0,0;3;0,0036832864737443064;0;0,0;0;0,0;0;0,0;0;0,0;0;0,0;0;0,0
162;noeviction;0;0,0;0;0,0;0;0,0;0;0,0;0;0,0;1;0,0012277621579147688;0;0,0;0;0,0;0;0,0;0;0,0;0;0,0;0;0,0;0;0,0;0;0,0;1;0,0012277621579147688;0;0,0;1;0,0012277621579147688;0;0,0;0;0,0;0;0,0;0;0,0;0;0,0;0;0,0;0;0,0;0;0,0;0;0,0
163;nomortgage;0;0,0;0;0,0;0;0,0;0;0,0;0;0,0;0;0,0;0;0,0;0;0,0;0;0,0;0;0,0;0;0,0;0;0,0;0;0,0;0;0,0;0;0,0;0;0,0;3;0,0036832864737443064;0;0,0;0;0,0;0;0,0;0;0,0;0;0,0;0;0,0;0;0,0;0;0,0;0;0,0
164;peoplenotprofit;0;0,0;0;0,0;1;0,0012277621579147688;0;0,0;0;0,0;0;0,0;0;0,0;0;0,0;0;0,0;0;0,0;0;0,0;0;0,0;0;0,0;0;0,0;0;0,0;0;0,0;0;0,0;0;0,0;0;0,0;0;0,0;0;0,0;2;0,0024555243158295376;0;0,0;0;0,0;0;0,0;0;0,0
165;realrentcontrolnow;1;0,0012277621579147688;0;0,0;0;0,0;0;0,0;0;0,0;1;0,0012277621579147688;1;0,0012277621579147688;0;0,0;0;0,0;0;0,0;0;0,0;0;0,0;0;0,0;0;0,0;0;0,0;0;0,0;0;0,0;0;0,0;0;0,0;0;0,0;0;0,0;0;0,0;0;0,0;0;0,0;0;0,0;0;0,0
166;rentstrikeny;0;0,0;0;0,0;0;0,0;0;0,0;0;0,0;0;0,0;0;0,0;0;0,0;0;0,0;0;0,0;0;0,0;0;0,0;0;0,0;0;0,0;0;0,0;0;0,0;0;0,0;0;0,0;0;0,0;0;0,0;0;0,0;3;0,0036832864737443064;0;0,0;0;0,0;0;0,0;0;0,0
167;rentsuspension;0;0,0;0;0,0;0;0,0;0;0,0;0;0,0;0;0,0;0;0,0;0;0,0;0;0,0;0;0,0;0;0,0;0;0,0;0;0,0;0;0,0;0;0,0;0;0,0;3;0,0036832864737443064;0;0,0;0;0,0;0;0,0;0;0,0;0;0,0;0;0,0;0;0,0;0;0,0;0;0,0
168;savethepostoffice;0;0,0;0;0,0;0;0,0;0;0,0;0;0,0;0;0,0;0;0,0;0;0,0;0;0,0;0;0,0;0;0,0;0;0,0;0;0,0;0;0,0;0;0,0;0;0,0;0;0,0;0;0,0;0;0,0;1;0,0012277621579147688;0;0,0;0;0,0;0;0,0;1;0,0012277621579147688;1;0,0012277621579147688;0;0,0
169;servicesnotsweeps;0;0,0;0;0,0;0;0,0;0;0,0;0;0,0;0;0,0;0;0,0;0;0,0;0;0,0;1;0,0012277621579147688;1;0,0012277621579147688;0;0,0;0;0,0;0;0,0;1;0,0012277621579147688;0;0,0;0;0,0;0;0,0;0;0,0;0;0,0;0;0,0;0;0,0;0;0,0;0;0,0;0;0,0;0;0,0
170;shareyourcheck;0;0,0;0;0,0;0;0,0;0;0,0;0;0,0;0;0,0;0;0,0;0;0,0;0;0,0;0;0,0;0;0,0;0;0,0;0;0,0;0;0,0;0;0,0;0;0,0;0;0,0;0;0,0;0;0,0;3;0,0036832864737443064;0;0,0;0;0,0;0;0,0;0;0,0;0;0,0;0;0,0
171;stopthesweep;0;0,0;0;0,0;0;0,0;0;0,0;0;0,0;3;0,0036832864737443064;0;0,0;0;0,0;0;0,0;0;0,0;0;0,0;0;0,0;0;0,0;0;0,0;0;0,0;0;0,0;0;0,0;0;0,0;0;0,0;0;0,0;0;0,0;0;0,0;0;0,0;0;0,0;0;0,0;0;0,0
172;stopthesweeps;0;0,0;0;0,0;0;0,0;0;0,0;0;0,0;2;0,0024555243158295376;0;0,0;0;0,0;0;0,0;0;0,0;0;0,0;0;0,0;0;0,0;0;0,0;0;0,0;1;0,0012277621579147688;0;0,0;0;0,0;0;0,0;0;0,0;0;0,0;0;0,0;0;0,0;0;0,0;0;0,0;0;0,0
173;unemploym;0;0,0;0;0,0;0;0,0;0;0,0;0;0,0;0;0,0;0;0,0;0;0,0;0;0,0;0;0,0;0;0,0;0;0,0;0;0,0;0;0,0;0;0,0;0;0,0;3;0,0036832864737443064;0;0,0;0;0,0;0;0,0;0;0,0;0;0,0;0;0,0;0;0,0;0;0,0;0;0,0
174;workersmemorialday;0;0,0;0;0,0;0;0,0;0;0,0;0;0,0;0;0,0;0;0,0;0;0,0;0;0,0;0;0,0;0;0,0;0;0,0;0;0,0;0;0,0;0;0,0;0;0,0;0;0,0;0;0,0;0;0,0;0;0,0;1;0,0012277621579147688;2;0,0024555243158295376;0;0,0;0;0,0;0;0,0;0;0,0
175;banshutoff;0;0,0;0;0,0;0;0,0;0;0,0;0;0,0;0;0,0;0;0,0;0;0,0;0;0,0;0;0,0;0;0,0;0;0,0;0;0,0;0;0,0;1;0,0012277621579147688;1;0,0012277621579147688;0;0,0;0;0,0;0;0,0;0;0,0;0;0,0;0;0,0;0;0,0;0;0,0;0;0,0;0;0,0
176;canceldebt;0;0,0;0;0,0;0;0,0;0;0,0;0;0,0;0;0,0;0;0,0;0;0,0;0;0,0;0;0,0;0;0,0;0;0,0;0;0,0;0;0,0;0;0,0;0;0,0;0;0,0;0;0,0;0;0,0;0;0,0;0;0,0;1;0,0012277621579147688;1;0,0012277621579147688;0;0,0;0;0,0;0;0,0
177;cancelrentusa;0;0,0;0;0,0;0;0,0;0;0,0;0;0,0;0;0,0;0;0,0;0;0,0;0;0,0;0;0,0;0;0,0;0;0,0;0;0,0;0;0,0;0;0,0;0;0,0;0;0,0;0;0,0;0;0,0;2;0,0024555243158295376;0;0,0;0;0,0;0;0,0;0;0,0;0;0,0;0;0,0
178;classstruggle;0;0,0;0;0,0;0;0,0;0;0,0;0;0,0;0;0,0;0;0,0;0;0,0;0;0,0;0;0,0;1;0,0012277621579147688;0;0,0;0;0,0;0;0,0;0;0,0;0;0,0;0;0,0;0;0,0;0;0,0;1;0,0012277621579147688;0;0,0;0;0,0;0;0,0;0;0,0;0;0,0;0;0,0
179;cuomoshousingcrisis;0;0,0;0;0,0;0;0,0;0;0,0;0;0,0;2;0,0024555243158295376;0;0,0;0;0,0;0;0,0;0;0,0;0;0,0;0;0,0;0;0,0;0;0,0;0;0,0;0;0,0;0;0,0;0;0,0;0;0,0;0;0,0;0;0,0;0;0,0;0;0,0;0;0,0;0;0,0;0;0,0
180;economicdemocracy;0;0,0;0;0,0;1;0,0012277621579147688;0;0,0;0;0,0;0;0,0;0;0,0;0;0,0;0;0,0;0;0,0;0;0,0;1;0,0012277621579147688;0;0,0;0;0,0;0;0,0;0;0,0;0;0,0;0;0,0;0;0,0;0;0,0;0;0,0;0;0,0;0;0,0;0;0,0;0;0,0;0;0,0
181;endwagetheft;0;0,0;0;0,0;0;0,0;0;0,0;0;0,0;0;0,0;0;0,0;0;0,0;2;0,0024555243158295376;0;0,0;0;0,0;0;0,0;0;0,0;0;0,0;0;0,0;0;0,0;0;0,0;0;0,0;0;0,0;0;0,0;0;0,0;0;0,0;0;0,0;0;0,0;0;0,0;0;0,0
182;evictionruinslive;0;0,0;0;0,0;0;0,0;0;0,0;0;0,0;0;0,0;0;0,0;0;0,0;0;0,0;0;0,0;0;0,0;1;0,0012277621579147688;0;0,0;0;0,0;0;0,0;1;0,0012277621579147688;0;0,0;0;0,0;0;0,0;0;0,0;0;0,0;0;0,0;0;0,0;0;0,0;0;0,0;0;0,0
183;evictthespeculator;0;0,0;0;0,0;0;0,0;0;0,0;0;0,0;0;0,0;1;0,0012277621579147688;1;0,0012277621579147688;0;0,0;0;0,0;0;0,0;0;0,0;0;0,0;0;0,0;0;0,0;0;0,0;0;0,0;0;0,0;0;0,0;0;0,0;0;0,0;0;0,0;0;0,0;0;0,0;0;0,0;0;0,0
184;foodnotrent;0;0,0;0;0,0;0;0,0;0;0,0;0;0,0;0;0,0;0;0,0;0;0,0;0;0,0;0;0,0;0;0,0;0;0,0;0;0,0;0;0,0;0;0,0;0;0,0;0;0,0;0;0,0;0;0,0;0;0,0;0;0,0;2;0,0024555243158295376;0;0,0;0;0,0;0;0,0;0;0,0
185;freezeevictionsboulder;0;0,0;0;0,0;0;0,0;0;0,0;0;0,0;0;0,0;0;0,0;0;0,0;0;0,0;0;0,0;0;0,0;0;0,0;0;0,0;0;0,0;1;0,0012277621579147688;1;0,0012277621579147688;0;0,0;0;0,0;0;0,0;0;0,0;0;0,0;0;0,0;0;0,0;0;0,0;0;0,0;0;0,0
186;higheredworksbecausewedo;0;0,0;0;0,0;0;0,0;0;0,0;0;0,0;0;0,0;0;0,0;0;0,0;0;0,0;0;0,0;0;0,0;0;0,0;0;0,0;0;0,0;0;0,0;0;0,0;0;0,0;0;0,0;0;0,0;0;0,0;0;0,0;2;0,0024555243158295376;0;0,0;0;0,0;0;0,0;0;0,0
187;homeles;0;0,0;0;0,0;0;0,0;0;0,0;0;0,0;0;0,0;2;0,0024555243158295376;0;0,0;0;0,0;0;0,0;0;0,0;0;0,0;0;0,0;0;0,0;0;0,0;0;0,0;0;0,0;0;0,0;0;0,0;0;0,0;0;0,0;0;0,0;0;0,0;0;0,0;0;0,0;0;0,0
188;homeownership;0;0,0;0;0,0;0;0,0;0;0,0;0;0,0;0;0,0;0;0,0;0;0,0;0;0,0;0;0,0;0;0,0;0;0,0;0;0,0;0;0,0;0;0,0;0;0,0;0;0,0;0;0,0;0;0,0;1;0,0012277621579147688;0;0,0;0;0,0;1;0,0012277621579147688;0;0,0;0;0,0;0;0,0
189;housedandhealthy;0;0,0;0;0,0;0;0,0;0;0,0;0;0,0;0;0,0;0;0,0;0;0,0;0;0,0;0;0,0;0;0,0;0;0,0;0;0,0;0;0,0;0;0,0;0;0,0;0;0,0;2;0,0024555243158295376;0;0,0;0;0,0;0;0,0;0;0,0;0;0,0;0;0,0;0;0,0;0;0,0
190;housingjusticeforall;1;0,0012277621579147688;0;0,0;0;0,0;0;0,0;0;0,0;0;0,0;0;0,0;0;0,0;0;0,0;0;0,0;0;0,0;0;0,0;0;0,0;0;0,0;0;0,0;0;0,0;0;0,0;0;0,0;0;0,0;0;0,0;0;0,0;0;0,0;0;0,0;0;0,0;0;0,0;1;0,0012277621579147688
191;nochristmaseviction;0;0,0;0;0,0;0;0,0;2;0,0024555243158295376;0;0,0;0;0,0;0;0,0;0;0,0;0;0,0;0;0,0;0;0,0;0;0,0;0;0,0;0;0,0;0;0,0;0;0,0;0;0,0;0;0,0;0;0,0;0;0,0;0;0,0;0;0,0;0;0,0;0;0,0;0;0,0;0;0,0
192;nonpayment;0;0,0;0;0,0;0;0,0;0;0,0;0;0,0;0;0,0;0;0,0;0;0,0;0;0,0;0;0,0;0;0,0;0;0,0;0;0,0;0;0,0;0;0,0;0;0,0;1;0,0012277621579147688;0;0,0;0;0,0;1;0,0012277621579147688;0;0,0;0;0,0;0;0,0;0;0,0;0;0,0;0;0,0
193;payusmoreucsc;0;0,0;0;0,0;0;0,0;0;0,0;0;0,0;0;0,0;0;0,0;0;0,0;0;0,0;0;0,0;0;0,0;1;0,0012277621579147688;1;0,0012277621579147688;0;0,0;0;0,0;0;0,0;0;0,0;0;0,0;0;0,0;0;0,0;0;0,0;0;0,0;0;0,0;0;0,0;0;0,0;0;0,0
194;realrentcontr;0;0,0;0;0,0;0;0,0;0;0,0;0;0,0;0;0,0;0;0,0;1;0,0012277621579147688;1;0,0012277621579147688;0;0,0;0;0,0;0;0,0;0;0,0;0;0,0;0;0,0;0;0,0;0;0,0;0;0,0;0;0,0;0;0,0;0;0,0;0;0,0;0;0,0;0;0,0;0;0,0;0;0,0
195;rentcontro;0;0,0;2;0,0024555243158295376;0;0,0;0;0,0;0;0,0;0;0,0;0;0,0;0;0,0;0;0,0;0;0,0;0;0,0;0;0,0;0;0,0;0;0,0;0;0,0;0;0,0;0;0,0;0;0,0;0;0,0;0;0,0;0;0,0;0;0,0;0;0,0;0;0,0;0;0,0;0;0,0
196;savemomshouse;1;0,0012277621579147688;0;0,0;1;0,0012277621579147688;0;0,0;0;0,0;0;0,0;0;0,0;0;0,0;0;0,0;0;0,0;0;0,0;0;0,0;0;0,0;0;0,0;0;0,0;0;0,0;0;0,0;0;0,0;0;0,0;0;0,0;0;0,0;0;0,0;0;0,0;0;0,0;0;0,0;0;0,0
197;shutoffskill;0;0,0;0;0,0;0;0,0;0;0,0;0;0,0;0;0,0;0;0,0;0;0,0;0;0,0;0;0,0;0;0,0;0;0,0;0;0,0;0;0,0;1;0,0012277621579147688;1;0,0012277621579147688;0;0,0;0;0,0;0;0,0;0;0,0;0;0,0;0;0,0;0;0,0;0;0,0;0;0,0;0;0,0
198;solidarityeconomy;0;0,0;0;0,0;1;0,0012277621579147688;0;0,0;0;0,0;0;0,0;0;0,0;0;0,0;0;0,0;0;0,0;0;0,0;1;0,0012277621579147688;0;0,0;0;0,0;0;0,0;0;0,0;0;0,0;0;0,0;0;0,0;0;0,0;0;0,0;0;0,0;0;0,0;0;0,0;0;0,0;0;0,0
199;stopdhaeviction;0;0,0;0;0,0;0;0,0;0;0,0;0;0,0;0;0,0;0;0,0;0;0,0;0;0,0;0;0,0;0;0,0;0;0,0;0;0,0;2;0,0024555243158295376;0;0,0;0;0,0;0;0,0;0;0,0;0;0,0;0;0,0;0;0,0;0;0,0;0;0,0;0;0,0;0;0,0;0;0,0
200;stopmasseviction;0;0,0;0;0,0;0;0,0;0;0,0;0;0,0;0;0,0;0;0,0;0;0,0;0;0,0;0;0,0;0;0,0;0;0,0;0;0,0;0;0,0;0;0,0;0;0,0;0;0,0;0;0,0;0;0,0;0;0,0;0;0,0;0;0,0;1;0,0012277621579147688;0;0,0;0;0,0;1;0,0012277621579147688
201;studentdebt;0;0,0;0;0,0;0;0,0;0;0,0;0;0,0;0;0,0;0;0,0;0;0,0;0;0,0;0;0,0;0;0,0;0;0,0;2;0,0024555243158295376;0;0,0;0;0,0;0;0,0;0;0,0;0;0,0;0;0,0;0;0,0;0;0,0;0;0,0;0;0,0;0;0,0;0;0,0;0;0,0
202;universalrentcontrol;0;0,0;0;0,0;0;0,0;1;0,0012277621579147688;0;0,0;1;0,0012277621579147688;0;0,0;0;0,0;0;0,0;0;0,0;0;0,0;0;0,0;0;0,0;0;0,0;0;0,0;0;0,0;0;0,0;0;0,0;0;0,0;0;0,0;0;0,0;0;0,0;0;0,0;0;0,0;0;0,0;0;0,0
203;voteberniegetgrandkid;0;0,0;0;0,0;0;0,0;0;0,0;0;0,0;0;0,0;0;0,0;0;0,0;0;0,0;0;0,0;0;0,0;0;0,0;0;0,0;1;0,0012277621579147688;1;0,0012277621579147688;0;0,0;0;0,0;0;0,0;0;0,0;0;0,0;0;0,0;0;0,0;0;0,0;0;0,0;0;0,0;0;0,0
204;adaywithoutdomesticworker;0;0,0;0;0,0;0;0,0;0;0,0;0;0,0;0;0,0;0;0,0;0;0,0;0;0,0;0;0,0;0;0,0;0;0,0;0;0,0;0;0,0;0;0,0;0;0,0;0;0,0;1;0,0012277621579147688;0;0,0;0;0,0;0;0,0;0;0,0;0;0,0;0;0,0;0;0,0;0;0,0
205;allmeansall;0;0,0;0;0,0;0;0,0;0;0,0;0;0,0;0;0,0;0;0,0;0;0,0;0;0,0;0;0,0;0;0,0;0;0,0;0;0,0;0;0,0;0;0,0;0;0,0;0;0,0;0;0,0;0;0,0;1;0,0012277621579147688;0;0,0;0;0,0;0;0,0;0;0,0;0;0,0;0;0,0
206;bailoutpeoplenotcorporat;0;0,0;0;0,0;0;0,0;0;0,0;0;0,0;0;0,0;0;0,0;0;0,0;0;0,0;0;0,0;0;0,0;0;0,0;0;0,0;0;0,0;0;0,0;0;0,0;0;0,0;1;0,0012277621579147688;0;0,0;0;0,0;0;0,0;0;0,0;0;0,0;0;0,0;0;0,0;0;0,0
207;baneviction;0;0,0;0;0,0;0;0,0;0;0,0;0;0,0;0;0,0;0;0,0;0;0,0;0;0,0;0;0,0;0;0,0;0;0,0;0;0,0;0;0,0;0;0,0;0;0,0;0;0,0;1;0,0012277621579147688;0;0,0;0;0,0;0;0,0;0;0,0;0;0,0;0;0,0;0;0,0;0;0,0
208;cancelarlarenta;0;0,0;0;0,0;0;0,0;0;0,0;0;0,0;0;0,0;0;0,0;0;0,0;0;0,0;0;0,0;0;0,0;0;0,0;0;0,0;0;0,0;0;0,0;0;0,0;0;0,0;0;0,0;0;0,0;0;0,0;0;0,0;0;0,0;0;0,0;0;0,0;1;0,0012277621579147688;0;0,0
209;cancelmor;0;0,0;0;0,0;0;0,0;0;0,0;0;0,0;0;0,0;0;0,0;0;0,0;0;0,0;0;0,0;0;0,0;0;0,0;0;0,0;0;0,0;0;0,0;0;0,0;0;0,0;0;0,0;0;0,0;0;0,0;0;0,0;0;0,0;0;0,0;0;0,0;1;0,0012277621579147688;0;0,0
210;cancelr;0;0,0;0;0,0;0;0,0;0;0,0;0;0,0;0;0,0;0;0,0;0;0,0;0;0,0;0;0,0;0;0,0;0;0,0;0;0,0;0;0,0;0;0,0;0;0,0;0;0,0;0;0,0;0;0,0;0;0,0;0;0,0;0;0,0;0;0,0;1;0,0012277621579147688;0;0,0;0;0,0
211;cancelren;0;0,0;0;0,0;0;0,0;0;0,0;0;0,0;0;0,0;0;0,0;0;0,0;0;0,0;0;0,0;0;0,0;0;0,0;0;0,0;0;0,0;0;0,0;0;0,0;0;0,0;0;0,0;0;0,0;0;0,0;0;0,0;0;0,0;0;0,0;0;0,0;0;0,0;1;0,0012277621579147688
212;cancelrentandmortgage;0;0,0;0;0,0;0;0,0;0;0,0;0;0,0;0;0,0;0;0,0;0;0,0;0;0,0;0;0,0;0;0,0;0;0,0;0;0,0;0;0,0;0;0,0;0;0,0;0;0,0;0;0,0;0;0,0;1;0,0012277621579147688;0;0,0;0;0,0;0;0,0;0;0,0;0;0,0;0;0,0
213;cancelrentcaravan;0;0,0;0;0,0;0;0,0;0;0,0;0;0,0;0;0,0;0;0,0;0;0,0;0;0,0;0;0,0;0;0,0;0;0,0;0;0,0;0;0,0;0;0,0;0;0,0;0;0,0;0;0,0;0;0,0;0;0,0;0;0,0;1;0,0012277621579147688;0;0,0;0;0,0;0;0,0;0;0,0
214;cancerent;0;0,0;0;0,0;0;0,0;0;0,0;0;0,0;0;0,0;0;0,0;0;0,0;0;0,0;0;0,0;0;0,0;0;0,0;0;0,0;0;0,0;0;0,0;0;0,0;0;0,0;0;0,0;0;0,0;0;0,0;1;0,0012277621579147688;0;0,0;0;0,0;0;0,0;0;0,0;0;0,0
215;childcareforall;0;0,0;0;0,0;0;0,0;0;0,0;0;0,0;0;0,0;0;0,0;0;0,0;0;0,0;0;0,0;0;0,0;0;0,0;1;0,0012277621579147688;0;0,0;0;0,0;0;0,0;0;0,0;0;0,0;0;0,0;0;0,0;0;0,0;0;0,0;0;0,0;0;0,0;0;0,0;0;0,0
216;debtfreefutur;0;0,0;0;0,0;0;0,0;0;0,0;0;0,0;0;0,0;0;0,0;0;0,0;0;0,0;0;0,0;0;0,0;0;0,0;0;0,0;0;0,0;0;0,0;0;0,0;0;0,0;0;0,0;0;0,0;0;0,0;0;0,0;1;0,0012277621579147688;0;0,0;0;0,0;0;0,0;0;0,0
217;decommidfication;0;0,0;0;0,0;0;0,0;0;0,0;0;0,0;0;0,0;0;0,0;0;0,0;0;0,0;0;0,0;0;0,0;0;0,0;0;0,0;0;0,0;0;0,0;0;0,0;0;0,0;0;0,0;0;0,0;0;0,0;0;0,0;0;0,0;1;0,0012277621579147688;0;0,0;0;0,0;0;0,0
218;decommodified;0;0,0;0;0,0;0;0,0;0;0,0;0;0,0;0;0,0;0;0,0;0;0,0;0;0,0;0;0,0;0;0,0;1;0,0012277621579147688;0;0,0;0;0,0;0;0,0;0;0,0;0;0,0;0;0,0;0;0,0;0;0,0;0;0,0;0;0,0;0;0,0;0;0,0;0;0,0;0;0,0
219;decommodifysurvival;0;0,0;0;0,0;0;0,0;0;0,0;0;0,0;0;0,0;0;0,0;0;0,0;0;0,0;0;0,0;0;0,0;0;0,0;0;0,0;0;0,0;0;0,0;0;0,0;1;0,0012277621579147688;0;0,0;0;0,0;0;0,0;0;0,0;0;0,0;0;0,0;0;0,0;0;0,0;0;0,0
220;economicbillofright;0;0,0;0;0,0;0;0,0;0;0,0;0;0,0;0;0,0;0;0,0;0;0,0;0;0,0;0;0,0;0;0,0;0;0,0;0;0,0;0;0,0;0;0,0;0;0,0;0;0,0;0;0,0;0;0,0;0;0,0;0;0,0;1;0,0012277621579147688;0;0,0;0;0,0;0;0,0;0;0,0
221;economicjustice;0;0,0;0;0,0;1;0,0012277621579147688;0;0,0;0;0,0;0;0,0;0;0,0;0;0,0;0;0,0;0;0,0;0;0,0;0;0,0;0;0,0;0;0,0;0;0,0;0;0,0;0;0,0;0;0,0;0;0,0;0;0,0;0;0,0;0;0,0;0;0,0;0;0,0;0;0,0;0;0,0
222;emergencyubi;0;0,0;0;0,0;0;0,0;0;0,0;0;0,0;0;0,0;0;0,0;0;0,0;0;0,0;0;0,0;0;0,0;0;0,0;0;0,0;0;0,0;0;0,0;0;0,0;0;0,0;0;0,0;0;0,0;1;0,0012277621579147688;0;0,0;0;0,0;0;0,0;0;0,0;0;0,0;0;0,0
223;endrent;0;0,0;0;0,0;0;0,0;0;0,0;0;0,0;0;0,0;0;0,0;0;0,0;0;0,0;0;0,0;0;0,0;0;0,0;0;0,0;0;0,0;0;0,0;1;0,0012277621579147688;0;0,0;0;0,0;0;0,0;0;0,0;0;0,0;0;0,0;0;0,0;0;0,0;0;0,0;0;0,0
224;evicting;0;0,0;0;0,0;0;0,0;0;0,0;0;0,0;0;0,0;0;0,0;0;0,0;0;0,0;0;0,0;0;0,0;0;0,0;0;0,0;0;0,0;0;0,0;0;0,0;0;0,0;0;0,0;0;0,0;0;0,0;0;0,0;0;0,0;0;0,0;0;0,0;0;0,0;1;0,0012277621579147688
225;evictionfree;0;0,0;0;0,0;0;0,0;0;0,0;0;0,0;0;0,0;0;0,0;0;0,0;0;0,0;0;0,0;0;0,0;0;0,0;0;0,0;0;0,0;0;0,0;0;0,0;1;0,0012277621579147688;0;0,0;0;0,0;0;0,0;0;0,0;0;0,0;0;0,0;0;0,0;0;0,0;0;0,0
226;evictionmora;0;0,0;0;0,0;0;0,0;0;0,0;0;0,0;0;0,0;0;0,0;0;0,0;0;0,0;0;0,0;0;0,0;0;0,0;0;0,0;0;0,0;0;0,0;1;0,0012277621579147688;0;0,0;0;0,0;0;0,0;0;0,0;0;0,0;0;0,0;0;0,0;0;0,0;0;0,0;0;0,0
227;evictionmoratoriu;0;0,0;0;0,0;0;0,0;0;0,0;0;0,0;0;0,0;0;0,0;0;0,0;0;0,0;0;0,0;0;0,0;0;0,0;0;0,0;0;0,0;0;0,0;0;0,0;0;0,0;0;0,0;1;0,0012277621579147688;0;0,0;0;0,0;0;0,0;0;0,0;0;0,0;0;0,0;0;0,0
228;evictng;0;0,0;0;0,0;0;0,0;0;0,0;0;0,0;0;0,0;0;0,0;0;0,0;1;0,0012277621579147688;0;0,0;0;0,0;0;0,0;0;0,0;0;0,0;0;0,0;0;0,0;0;0,0;0;0,0;0;0,0;0;0,0;0;0,0;0;0,0;0;0,0;0;0,0;0;0,0;0;0,0
229;evictthespeculators;0;0,0;0;0,0;0;0,0;0;0,0;0;0,0;1;0,0012277621579147688;0;0,0;0;0,0;0;0,0;0;0,0;0;0,0;0;0,0;0;0,0;0;0,0;0;0,0;0;0,0;0;0,0;0;0,0;0;0,0;0;0,0;0;0,0;0;0,0;0;0,0;0;0,0;0;0,0;0;0,0
230;feedthepoor;0;0,0;0;0,0;0;0,0;0;0,0;0;0,0;0;0,0;0;0,0;0;0,0;0;0,0;1;0,0012277621579147688;0;0,0;0;0,0;0;0,0;0;0,0;0;0,0;0;0,0;0;0,0;0;0,0;0;0,0;0;0,0;0;0,0;0;0,0;0;0,0;0;0,0;0;0,0;0;0,0
231;fixunemploymentnow;0;0,0;0;0,0;0;0,0;0;0,0;0;0,0;0;0,0;0;0,0;0;0,0;0;0,0;0;0,0;0;0,0;0;0,0;0;0,0;0;0,0;0;0,0;0;0,0;0;0,0;0;0,0;0;0,0;1;0,0012277621579147688;0;0,0;0;0,0;0;0,0;0;0,0;0;0,0;0;0,0
232;foodbankchallenge;0;0,0;0;0,0;0;0,0;0;0,0;0;0,0;0;0,0;0;0,0;0;0,0;0;0,0;0;0,0;0;0,0;0;0,0;0;0,0;0;0,0;0;0,0;0;0,0;0;0,0;0;0,0;0;0,0;1;0,0012277621579147688;0;0,0;0;0,0;0;0,0;0;0,0;0;0,0;0;0,0
233;homele;0;0,0;0;0,0;0;0,0;0;0,0;0;0,0;0;0,0;0;0,0;0;0,0;0;0,0;0;0,0;0;0,0;0;0,0;0;0,0;0;0,0;0;0,0;0;0,0;0;0,0;0;0,0;0;0,0;0;0,0;1;0,0012277621579147688;0;0,0;0;0,0;0;0,0;0;0,0;0;0,0
234;homelessmemorialday;0;0,0;0;0,0;1;0,0012277621579147688;0;0,0;0;0,0;0;0,0;0;0,0;0;0,0;0;0,0;0;0,0;0;0,0;0;0,0;0;0,0;0;0,0;0;0,0;0;0,0;0;0,0;0;0,0;0;0,0;0;0,0;0;0,0;0;0,0;0;0,0;0;0,0;0;0,0;0;0,0
235;homesandpeoplefirst;0;0,0;0;0,0;0;0,0;0;0,0;0;0,0;0;0,0;0;0,0;0;0,0;0;0,0;0;0,0;0;0,0;0;0,0;0;0,0;0;0,0;0;0,0;1;0,0012277621579147688;0;0,0;0;0,0;0;0,0;0;0,0;0;0,0;0;0,0;0;0,0;0;0,0;0;0,0;0;0,0
236;homesforallmd;0;0,0;0;0,0;0;0,0;0;0,0;0;0,0;0;0,0;0;0,0;0;0,0;0;0,0;1;0,0012277621579147688;0;0,0;0;0,0;0;0,0;0;0,0;0;0,0;0;0,0;0;0,0;0;0,0;0;0,0;0;0,0;0;0,0;0;0,0;0;0,0;0;0,0;0;0,0;0;0,0
237;homesgaurantee;0;0,0;0;0,0;0;0,0;0;0,0;0;0,0;0;0,0;0;0,0;0;0,0;0;0,0;0;0,0;1;0,0012277621579147688;0;0,0;0;0,0;0;0,0;0;0,0;0;0,0;0;0,0;0;0,0;0;0,0;0;0,0;0;0,0;0;0,0;0;0,0;0;0,0;0;0,0;0;0,0
238;homesguaranteela;0;0,0;0;0,0;0;0,0;0;0,0;0;0,0;0;0,0;0;0,0;0;0,0;0;0,0;0;0,0;0;0,0;1;0,0012277621579147688;0;0,0;0;0,0;0;0,0;0;0,0;0;0,0;0;0,0;0;0,0;0;0,0;0;0,0;0;0,0;0;0,0;0;0,0;0;0,0;0;0,0
239;homesnotgame;0;0,0;0;0,0;0;0,0;0;0,0;0;0,0;0;0,0;0;0,0;0;0,0;0;0,0;0;0,0;1;0,0012277621579147688;0;0,0;0;0,0;0;0,0;0;0,0;0;0,0;0;0,0;0;0,0;0;0,0;0;0,0;0;0,0;0;0,0;0;0,0;0;0,0;0;0,0;0;0,0
240;homesnothandcuff;1;0,0012277621579147688;0;0,0;0;0,0;0;0,0;0;0,0;0;0,0;0;0,0;0;0,0;0;0,0;0;0,0;0;0,0;0;0,0;0;0,0;0;0,0;0;0,0;0;0,0;0;0,0;0;0,0;0;0,0;0;0,0;0;0,0;0;0,0;0;0,0;0;0,0;0;0,0;0;0,0
241;homesnothomeless;0;0,0;0;0,0;0;0,0;0;0,0;0;0,0;0;0,0;0;0,0;0;0,0;0;0,0;0;0,0;0;0,0;0;0,0;0;0,0;0;0,0;0;0,0;0;0,0;0;0,0;1;0,0012277621579147688;0;0,0;0;0,0;0;0,0;0;0,0;0;0,0;0;0,0;0;0,0;0;0,0
242;homesnothotel;0;0,0;0;0,0;0;0,0;0;0,0;0;0,0;0;0,0;0;0,0;0;0,0;0;0,0;0;0,0;1;0,0012277621579147688;0;0,0;0;0,0;0;0,0;0;0,0;0;0,0;0;0,0;0;0,0;0;0,0;0;0,0;0;0,0;0;0,0;0;0,0;0;0,0;0;0,0;0;0,0
243;housesnothandcuff;0;0,0;0;0,0;0;0,0;0;0,0;0;0,0;0;0,0;0;0,0;0;0,0;0;0,0;0;0,0;0;0,0;0;0,0;0;0,0;0;0,0;0;0,0;0;0,0;0;0,0;0;0,0;1;0,0012277621579147688;0;0,0;0;0,0;0;0,0;0;0,0;0;0,0;0;0,0;0;0,0
244;housethehomeless;0;0,0;0;0,0;0;0,0;0;0,0;0;0,0;0;0,0;0;0,0;0;0,0;0;0,0;0;0,0;0;0,0;0;0,0;0;0,0;0;0,0;0;0,0;0;0,0;0;0,0;0;0,0;0;0,0;0;0,0;0;0,0;0;0,0;1;0,0012277621579147688;0;0,0;0;0,0;0;0,0
245;housingguaranteema;0;0,0;0;0,0;0;0,0;0;0,0;0;0,0;0;0,0;0;0,0;0;0,0;0;0,0;0;0,0;0;0,0;0;0,0;0;0,0;0;0,0;0;0,0;0;0,0;0;0,0;1;0,0012277621579147688;0;0,0;0;0,0;0;0,0;0;0,0;0;0,0;0;0,0;0;0,0;0;0,0
246;landlordchallenge;0;0,0;0;0,0;0;0,0;0;0,0;0;0,0;0;0,0;0;0,0;0;0,0;0;0,0;0;0,0;0;0,0;0;0,0;0;0,0;0;0,0;0;0,0;0;0,0;0;0,0;0;0,0;1;0,0012277621579147688;0;0,0;0;0,0;0;0,0;0;0,0;0;0,0;0;0,0;0;0,0
247;livingwage;1;0,0012277621579147688;0;0,0;0;0,0;0;0,0;0;0,0;0;0,0;0;0,0;0;0,0;0;0,0;0;0,0;0;0,0;0;0,0;0;0,0;0;0,0;0;0,0;0;0,0;0;0,0;0;0,0;0;0,0;0;0,0;0;0,0;0;0,0;0;0,0;0;0,0;0;0,0;0;0,0
248;minimumwage;0;0,0;0;0,0;0;0,0;0;0,0;0;0,0;0;0,0;1;0,0012277621579147688;0;0,0;0;0,0;0;0,0;0;0,0;0;0,0;0;0,0;0;0,0;0;0,0;0;0,0;0;0,0;0;0,0;0;0,0;0;0,0;0;0,0;0;0,0;0;0,0;0;0,0;0;0,0;0;0,0
249;nocontractnopeace;0;0,0;0;0,0;0;0,0;0;0,0;0;0,0;0;0,0;0;0,0;0;0,0;0;0,0;1;0,0012277621579147688;0;0,0;0;0,0;0;0,0;0;0,0;0;0,0;0;0,0;0;0,0;0;0,0;0;0,0;0;0,0;0;0,0;0;0,0;0;0,0;0;0,0;0;0,0;0;0,0
250;nocovidevi;0;0,0;0;0,0;0;0,0;0;0,0;0;0,0;0;0,0;0;0,0;0;0,0;0;0,0;0;0,0;0;0,0;0;0,0;0;0,0;0;0,0;0;0,0;0;0,0;1;0,0012277621579147688;0;0,0;0;0,0;0;0,0;0;0,0;0;0,0;0;0,0;0;0,0;0;0,0;0;0,0
251;noevictionsonstolenland;0;0,0;0;0,0;0;0,0;0;0,0;0;0,0;0;0,0;0;0,0;0;0,0;0;0,0;0;0,0;0;0,0;0;0,0;0;0,0;0;0,0;0;0,0;0;0,0;0;0,0;0;0,0;0;0,0;0;0,0;1;0,0012277621579147688;0;0,0;0;0,0;0;0,0;0;0,0;0;0,0
252;nojobs;0;0,0;0;0,0;0;0,0;0;0,0;0;0,0;0;0,0;0;0,0;0;0,0;0;0,0;0;0,0;0;0,0;0;0,0;0;0,0;0;0,0;0;0,0;0;0,0;1;0,0012277621579147688;0;0,0;0;0,0;0;0,0;0;0,0;0;0,0;0;0,0;0;0,0;0;0,0;0;0,0
253;norentmi;0;0,0;0;0,0;0;0,0;0;0,0;0;0,0;0;0,0;0;0,0;0;0,0;0;0,0;0;0,0;0;0,0;0;0,0;0;0,0;0;0,0;0;0,0;0;0,0;0;0,0;0;0,0;0;0,0;0;0,0;1;0,0012277621579147688;0;0,0;0;0,0;0;0,0;0;0,0;0;0,0
254;norentny;0;0,0;0;0,0;0;0,0;0;0,0;0;0,0;0;0,0;0;0,0;0;0,0;0;0,0;0;0,0;0;0,0;0;0,0;0;0,0;0;0,0;0;0,0;1;0,0012277621579147688;0;0,0;0;0,0;0;0,0;0;0,0;0;0,0;0;0,0;0;0,0;0;0,0;0;0,0;0;0,0
255;nowage;0;0,0;0;0,0;0;0,0;0;0,0;0;0,0;0;0,0;0;0,0;0;0,0;0;0,0;0;0,0;0;0,0;0;0,0;0;0,0;0;0,0;0;0,0;0;0,0;1;0,0012277621579147688;0;0,0;0;0,0;0;0,0;0;0,0;0;0,0;0;0,0;0;0,0;0;0,0;0;0,0
256;peoplesrecovery;0;0,0;0;0,0;0;0,0;0;0,0;0;0,0;0;0,0;0;0,0;0;0,0;0;0,0;0;0,0;0;0,0;0;0,0;0;0,0;0;0,0;0;0,0;0;0,0;0;0,0;0;0,0;0;0,0;0;0,0;0;0,0;1;0,0012277621579147688;0;0,0;0;0,0;0;0,0;0;0,0
257;protectmotenants;0;0,0;0;0,0;0;0,0;0;0,0;0;0,0;0;0,0;0;0,0;0;0,0;0;0,0;0;0,0;0;0,0;0;0,0;0;0,0;0;0,0;0;0,0;0;0,0;0;0,0;0;0,0;0;0,0;0;0,0;1;0,0012277621579147688;0;0,0;0;0,0;0;0,0;0;0,0;0;0,0
258;protectworker;0;0,0;0;0,0;0;0,0;0;0,0;0;0,0;0;0,0;0;0,0;0;0,0;0;0,0;0;0,0;0;0,0;0;0,0;0;0,0;0;0,0;0;0,0;0;0,0;0;0,0;0;0,0;0;0,0;0;0,0;0;0,0;1;0,0012277621579147688;0;0,0;0;0,0;0;0,0;0;0,0
259;raisethewage;0;0,0;0;0,0;0;0,0;0;0,0;0;0,0;0;0,0;0;0,0;0;0,0;0;0,0;0;0,0;0;0,0;0;0,0;0;0,0;1;0,0012277621579147688;0;0,0;0;0,0;0;0,0;0;0,0;0;0,0;0;0,0;0;0,0;0;0,0;0;0,0;0;0,0;0;0,0;0;0,0
260;realrentcontrol;0;0,0;0;0,0;0;0,0;0;0,0;0;0,0;1;0,0012277621579147688;0;0,0;0;0,0;0;0,0;0;0,0;0;0,0;0;0,0;0;0,0;0;0,0;0;0,0;0;0,0;0;0,0;0;0,0;0;0,0;0;0,0;0;0,0;0;0,0;0;0,0;0;0,0;0;0,0;0;0,0
261;reclaimrentcontrol;0;0,0;0;0,0;0;0,0;0;0,0;0;0,0;0;0,0;0;0,0;0;0,0;0;0,0;1;0,0012277621579147688;0;0,0;0;0,0;0;0,0;0;0,0;0;0,0;0;0,0;0;0,0;0;0,0;0;0,0;0;0,0;0;0,0;0;0,0;0;0,0;0;0,0;0;0,0;0;0,0
262;rentday;0;0,0;0;0,0;0;0,0;0;0,0;0;0,0;0;0,0;0;0,0;0;0,0;0;0,0;0;0,0;0;0,0;0;0,0;0;0,0;0;0,0;0;0,0;0;0,0;0;0,0;1;0,0012277621579147688;0;0,0;0;0,0;0;0,0;0;0,0;0;0,0;0;0,0;0;0,0;0;0,0
263;rentmutiny;0;0,0;0;0,0;0;0,0;0;0,0;0;0,0;0;0,0;0;0,0;0;0,0;0;0,0;0;0,0;0;0,0;0;0,0;0;0,0;0;0,0;0;0,0;0;0,0;1;0,0012277621579147688;0;0,0;0;0,0;0;0,0;0;0,0;0;0,0;0;0,0;0;0,0;0;0,0;0;0,0
264;rentrevolt;0;0,0;0;0,0;0;0,0;0;0,0;0;0,0;0;0,0;0;0,0;0;0,0;0;0,0;0;0,0;0;0,0;0;0,0;0;0,0;0;0,0;0;0,0;0;0,0;1;0,0012277621579147688;0;0,0;0;0,0;0;0,0;0;0,0;0;0,0;0;0,0;0;0,0;0;0,0;0;0,0
265;rentstri;0;0,0;0;0,0;0;0,0;0;0,0;0;0,0;0;0,0;0;0,0;0;0,0;0;0,0;0;0,0;0;0,0;0;0,0;0;0,0;0;0,0;0;0,0;0;0,0;0;0,0;0;0,0;0;0,0;1;0,0012277621579147688;0;0,0;0;0,0;0;0,0;0;0,0;0;0,0;0;0,0
266;rentstrik;0;0,0;0;0,0;0;0,0;0;0,0;0;0,0;0;0,0;0;0,0;0;0,0;0;0,0;0;0,0;0;0,0;0;0,0;0;0,0;0;0,0;0;0,0;0;0,0;0;0,0;1;0,0012277621579147688;0;0,0;0;0,0;0;0,0;0;0,0;0;0,0;0;0,0;0;0,0;0;0,0
267;safetyishousingrelief;0;0,0;0;0,0;0;0,0;0;0,0;0;0,0;0;0,0;0;0,0;0;0,0;0;0,0;0;0,0;0;0,0;0;0,0;0;0,0;0;0,0;0;0,0;0;0,0;0;0,0;0;0,0;0;0,0;0;0,0;0;0,0;1;0,0012277621579147688;0;0,0;0;0,0;0;0,0;0;0,0
268;stimuluscheckchallenge;0;0,0;0;0,0;0;0,0;0;0,0;0;0,0;0;0,0;0;0,0;0;0,0;0;0,0;0;0,0;0;0,0;0;0,0;0;0,0;0;0,0;0;0,0;0;0,0;0;0,0;0;0,0;0;0,0;0;0,0;1;0,0012277621579147688;0;0,0;0;0,0;0;0,0;0;0,0;0;0,0
269;stimulusdeposit;0;0,0;0;0,0;0;0,0;0;0,0;0;0,0;0;0,0;0;0,0;0;0,0;0;0,0;0;0,0;0;0,0;0;0,0;0;0,0;0;0,0;0;0,0;0;0,0;0;0,0;0;0,0;0;0,0;1;0,0012277621579147688;0;0,0;0;0,0;0;0,0;0;0,0;0;0,0;0;0,0
270;stimuluspayment;0;0,0;0;0,0;0;0,0;0;0,0;0;0,0;0;0,0;0;0,0;0;0,0;0;0,0;0;0,0;0;0,0;0;0,0;0;0,0;0;0,0;0;0,0;0;0,0;0;0,0;0;0,0;0;0,0;1;0,0012277621579147688;0;0,0;0;0,0;0;0,0;0;0,0;0;0,0;0;0,0
271;stimulussolidarity;0;0,0;0;0,0;0;0,0;0;0,0;0;0,0;0;0,0;0;0,0;0;0,0;0;0,0;0;0,0;0;0,0;0;0,0;0;0,0;0;0,0;0;0,0;0;0,0;0;0,0;0;0,0;0;0,0;0;0,0;0;0,0;1;0,0012277621579147688;0;0,0;0;0,0;0;0,0;0;0,0
272;stopeviction;0;0,0;0;0,0;0;0,0;0;0,0;0;0,0;0;0,0;0;0,0;0;0,0;0;0,0;0;0,0;0;0,0;0;0,0;0;0,0;0;0,0;0;0,0;0;0,0;0;0,0;0;0,0;0;0,0;0;0,0;0;0,0;0;0,0;1;0,0012277621579147688;0;0,0;0;0,0;0;0,0
273;stopwagetheft;0;0,0;0;0,0;0;0,0;1;0,0012277621579147688;0;0,0;0;0,0;0;0,0;0;0,0;0;0,0;0;0,0;0;0,0;0;0,0;0;0,0;0;0,0;0;0,0;0;0,0;0;0,0;0;0,0;0;0,0;0;0,0;0;0,0;0;0,0;0;0,0;0;0,0;0;0,0;0;0,0
274;strentstrike;0;0,0;0;0,0;0;0,0;0;0,0;0;0,0;0;0,0;0;0,0;0;0,0;0;0,0;0;0,0;0;0,0;0;0,0;0;0,0;0;0,0;0;0,0;1;0,0012277621579147688;0;0,0;0;0,0;0;0,0;0;0,0;0;0,0;0;0,0;0;0,0;0;0,0;0;0,0;0;0,0
275;survivorrightsworkerright;1;0,0012277621579147688;0;0,0;0;0,0;0;0,0;0;0,0;0;0,0;0;0,0;0;0,0;0;0,0;0;0,0;0;0,0;0;0,0;0;0,0;0;0,0;0;0,0;0;0,0;0;0,0;0;0,0;0;0,0;0;0,0;0;0,0;0;0,0;0;0,0;0;0,0;0;0,0;0;0,0
276;tenantorganize;0;0,0;0;0,0;0;0,0;0;0,0;0;0,0;0;0,0;0;0,0;0;0,0;0;0,0;0;0,0;0;0,0;0;0,0;0;0,0;0;0,0;0;0,0;0;0,0;0;0,0;0;0,0;0;0,0;0;0,0;0;0,0;0;0,0;0;0,0;1;0,0012277621579147688;0;0,0;0;0,0
277;tuitionfreecollege;0;0,0;0;0,0;0;0,0;0;0,0;0;0,0;0;0,0;1;0,0012277621579147688;0;0,0;0;0,0;0;0,0;0;0,0;0;0,0;0;0,0;0;0,0;0;0,0;0;0,0;0;0,0;0;0,0;0;0,0;0;0,0;0;0,0;0;0,0;0;0,0;0;0,0;0;0,0;0;0,0
278;underprivileged;0;0,0;0;0,0;1;0,0012277621579147688;0;0,0;0;0,0;0;0,0;0;0,0;0;0,0;0;0,0;0;0,0;0;0,0;0;0,0;0;0,0;0;0,0;0;0,0;0;0,0;0;0,0;0;0,0;0;0,0;0;0,0;0;0,0;0;0,0;0;0,0;0;0,0;0;0,0;0;0,0
279;unemployedtogethersantafe;0;0,0;0;0,0;0;0,0;0;0,0;0;0,0;0;0,0;0;0,0;0;0,0;0;0,0;0;0,0;0;0,0;0;0,0;0;0,0;0;0,0;0;0,0;0;0,0;0;0,0;0;0,0;0;0,0;0;0,0;0;0,0;0;0,0;0;0,0;0;0,0;0;0,0;1;0,0012277621579147688
280;unemployement;0;0,0;0;0,0;0;0,0;0;0,0;0;0,0;0;0,0;0;0,0;0;0,0;0;0,0;0;0,0;0;0,0;0;0,0;0;0,0;0;0,0;0;0,0;0;0,0;0;0,0;0;0,0;0;0,0;0;0,0;0;0,0;0;0,0;0;0,0;1;0,0012277621579147688;0;0,0;0;0,0
281;unemploymentrate;0;0,0;0;0,0;0;0,0;0;0,0;0;0,0;0;0,0;1;0,0012277621579147688;0;0,0;0;0,0;0;0,0;0;0,0;0;0,0;0;0,0;0;0,0;0;0,0;0;0,0;0;0,0;0;0,0;0;0,0;0;0,0;0;0,0;0;0,0;0;0,0;0;0,0;0;0,0;0;0,0
282;universalchildcare;0;0,0;0;0,0;0;0,0;0;0,0;0;0,0;0;0,0;0;0,0;0;0,0;0;0,0;0;0,0;0;0,0;0;0,0;0;0,0;0;0,0;1;0,0012277621579147688;0;0,0;0;0,0;0;0,0;0;0,0;0;0,0;0;0,0;0;0,0;0;0,0;0;0,0;0;0,0;0;0,0
283;unpropertied;1;0,0012277621579147688;0;0,0;0;0,0;0;0,0;0;0,0;0;0,0;0;0,0;0;0,0;0;0,0;0;0,0;0;0,0;0;0,0;0;0,0;0;0,0;0;0,0;0;0,0;0;0,0;0;0,0;0;0,0;0;0,0;0;0,0;0;0,0;0;0,0;0;0,0;0;0,0;0;0,0
284;utilitystrike;0;0,0;0;0,0;0;0,0;0;0,0;0;0,0;0;0,0;0;0,0;0;0,0;0;0,0;0;0,0;0;0,0;0;0,0;0;0,0;0;0,0;0;0,0;0;0,0;0;0,0;0;0,0;0;0,0;0;0,0;0;0,0;0;0,0;0;0,0;0;0,0;0;0,0;1;0,0012277621579147688
285;wageslave;0;0,0;0;0,0;0;0,0;0;0,0;0;0,0;0;0,0;0;0,0;0;0,0;0;0,0;0;0,0;0;0,0;0;0,0;0;0,0;0;0,0;0;0,0;0;0,0;0;0,0;0;0,0;1;0,0012277621579147688;0;0,0;0;0,0;0;0,0;0;0,0;0;0,0;0;0,0;0;0,0
286;wagetransparency;0;0,0;0;0,0;0;0,0;0;0,0;0;0,0;0;0,0;0;0,0;1;0,0012277621579147688;0;0,0;0;0,0;0;0,0;0;0,0;0;0,0;0;0,0;0;0,0;0;0,0;0;0,0;0;0,0;0;0,0;0;0,0;0;0,0;0;0,0;0;0,0;0;0,0;0;0,0;0;0,0
